source_path,source_sha256,handling,owning_units,rule_order,rule_pattern,terminal_evidence
src/main/resources/assets/advancedrocketry/lang/de_DE.lang,255d5fa089d3097fdead2ae713fd7fcf817f1e2ab456ea12b6f89f5cf1f75956,REVIEW,-,161,lang/*.lang,ADR-066 section 7.3; per-file import or origin/replacement decision still required
src/main/resources/assets/advancedrocketry/lang/es_ES.lang,47e0d169fb58631f79590845afe8defef854dd04c6fdafc72abde779b812c2ec,REVIEW,-,161,lang/*.lang,ADR-066 section 7.3; per-file import or origin/replacement decision still required
src/main/resources/assets/advancedrocketry/lang/fi_FI.lang,de20bcc791636851a4e361536fdf96e434635e9c33a8586ed7844eb475a02933,REVIEW,-,161,lang/*.lang,ADR-066 section 7.3; per-file import or origin/replacement decision still required
src/main/resources/assets/advancedrocketry/lang/fr_FR.lang,619069d7c34a543add10268e82664b3d17630406da31f7bf93857b2d3f47323b,REVIEW,-,161,lang/*.lang,ADR-066 section 7.3; per-file import or origin/replacement decision still required
src/main/resources/assets/advancedrocketry/lang/pt_br.lang,7b3c488d8cbaf2d39112460dd2dedc4b0a17c9103642a926dcd5c2a95f6216c0,REVIEW,-,161,lang/*.lang,ADR-066 section 7.3; per-file import or origin/replacement decision still required
src/main/resources/assets/advancedrocketry/lang/ru_RU.lang,06f48e5b367b001f5b17abb6b2bbec9e7e746ec4d9232e0c80e9194b5e54b17e,REVIEW,-,161,lang/*.lang,ADR-066 section 7.3; per-file import or origin/replacement decision still required
src/main/resources/assets/advancedrocketry/lang/ua_UA.lang,c8d12fa906f3eff10865e71f5812fb18b88959b1e4ad8881d40e61eb1c76d4dd,REVIEW,-,161,lang/*.lang,ADR-066 section 7.3; per-file import or origin/replacement decision still required
src/main/resources/assets/advancedrocketry/models/areagravitycontroller.obj,a9e610117bb813ed905768bc0e648ffe1f28793a0ff3858c9cb9831738fd0a25,IMPORT,block:gravityMachine,274,models/areagravitycontroller.obj,ADR-066 section 7.3; per-file import or origin/replacement decision still required
src/main/resources/assets/advancedrocketry/models/astrobodydataprocessor.obj,4f02c835d6aca49ec796e7d7253a4eec83a30c459acdb0df0c054a1b653e40d5,IMPORT,block:planetAnalyser,275,models/astrobodydataprocessor.obj,ADR-066 section 7.3; per-file import or origin/replacement decision still required
src/main/resources/assets/advancedrocketry/models/atmosphere.mtl,6e35bcf7fe06b2a05c3c8e8456c4b14d41728cb454a2aa426833a2c504baf3aa,IMPORT,-,271,models/atmosphere.*,ADR-066 section 7.3; per-file import or origin/replacement decision still required
src/main/resources/assets/advancedrocketry/models/atmosphere.obj,de1dd880b60d8f5cd0e2a855b77cbdeba082e0de94085e409e6dff463a668331,IMPORT,-,271,models/atmosphere.*,ADR-066 section 7.3; per-file import or origin/replacement decision still required
src/main/resources/assets/advancedrocketry/models/beacon.obj,77b135347c9420acd2f4af406fb0c3510c528521f7bd32796c3f3b9258c66d00,IMPORT,block:beacon,276,models/beacon.obj,ADR-066 section 7.3; per-file import or origin/replacement decision still required
src/main/resources/assets/advancedrocketry/models/blackholegenerator.obj,68d82772eee9c8821cf1399781dfdf2cd308e30c8602cc3dae0b75ce05032d06,IMPORT,block:blackholegenerator,277,models/blackholegenerator.obj,ADR-066 section 7.3; per-file import or origin/replacement decision still required
src/main/resources/assets/advancedrocketry/models/centrifuge.obj,d466c1e96274cd05afbaa45a7f634a22e01641d8444c2b4ccb0c958b522e0031,IMPORT,block:centrifuge,278,models/centrifuge.obj,ADR-066 section 7.3; per-file import or origin/replacement decision still required
src/main/resources/assets/advancedrocketry/models/chemicalreactor.obj,65591ad3cbe498db4c7978a52e54a467e9b9423530d2a64944986165e871ffc6,IMPORT,block:chemicalReactor,279,models/chemicalreactor.obj,ADR-066 section 7.3; per-file import or origin/replacement decision still required
src/main/resources/assets/advancedrocketry/models/crystalliser.obj,0b84a27cb217a5e9085943aa327eb16f79b7ed1c9c5bb6c01fed9dc236ae054b,IMPORT,block:crystallizer,280,models/crystalliser.obj,ADR-066 section 7.3; per-file import or origin/replacement decision still required
src/main/resources/assets/advancedrocketry/models/cuttingmachine.obj,e013369db0aa3bf3e41e2b4be4bb11a311fe2816807a3fe3d1356583199a6101,IMPORT,block:cuttingMachine,281,models/cuttingmachine.obj,ADR-066 section 7.3; per-file import or origin/replacement decision still required
src/main/resources/assets/advancedrocketry/models/electrolyser.obj,5fb88389b4d3fc35afdeb7622852b8558c4be154d95df59862cbb9ec49d53a7b,IMPORT,block:electrolyser,282,models/electrolyser.obj,ADR-066 section 7.3; per-file import or origin/replacement decision still required
src/main/resources/assets/advancedrocketry/models/lathe.obj,316c1c5c792961dd29109d7c3c72c9d425cc52f607f8529f888f08afb5c375a0,IMPORT,block:lathe,283,models/lathe.obj,ADR-066 section 7.3; per-file import or origin/replacement decision still required
src/main/resources/assets/advancedrocketry/models/observatory.obj,fb4015971f37b405e8c6d3a804652a1196d1e8bcfda65795763025123a2e3059,IMPORT,block:observatory,284,models/observatory.obj,ADR-066 section 7.3; per-file import or origin/replacement decision still required
src/main/resources/assets/advancedrocketry/models/orbitallaserdrill.obj,3145e58e26fd248f094d8d16c35e4f17da96c238c63399ca290317484211571e,IMPORT,block:spaceLaser,285,models/orbitallaserdrill.obj,ADR-066 section 7.3; per-file import or origin/replacement decision still required
src/main/resources/assets/advancedrocketry/models/precisionassembler.obj,6893ae239f1c51f011d17cd6fb441bf0e68b5deb5726237765ee5479a07738f0,IMPORT,block:precisionassemblingmachine,286,models/precisionassembler.obj,ADR-066 section 7.3; per-file import or origin/replacement decision still required
src/main/resources/assets/advancedrocketry/models/precisionlaseretcher.obj,b302204d0f8b4abbbf2912fd50a15252029a0e68483ecf911f05d141673d5176,IMPORT,block:precisionlaseretcher,287,models/precisionlaseretcher.obj,ADR-066 section 7.3; per-file import or origin/replacement decision still required
src/main/resources/assets/advancedrocketry/models/railgun.obj,9fc0583647cc27df5ff9d16ce4af93fad528a1bf9e89c768f3a9e8fb76daa528,IMPORT,block:railgun,288,models/railgun.obj,ADR-066 section 7.3; per-file import or origin/replacement decision still required
src/main/resources/assets/advancedrocketry/models/rollingmachine.obj,939fd63bf0e5450b8e175bd2be522097bcbfcc370a1e109a0c76545c73f9cefc,IMPORT,block:rollingMachine,289,models/rollingmachine.obj,ADR-066 section 7.3; per-file import or origin/replacement decision still required
src/main/resources/assets/advancedrocketry/models/solar_array.obj,016e831a02fbdfce28509530df165493aa8891fb842a1efb924ca83eed0bbf87,IMPORT,block:solararray,290,models/solar_array.obj,ADR-066 section 7.3; per-file import or origin/replacement decision still required
src/main/resources/assets/advancedrocketry/models/spaceelevator.obj,8b0d31bd7b88820b7984f84a2afe429fbc27610cde1ebc6207b02bc8c130cfb5,IMPORT,block:spaceElevatorController,291,models/spaceelevator.obj,ADR-066 section 7.3; per-file import or origin/replacement decision still required
src/main/resources/assets/advancedrocketry/models/warpcore.obj,ab5366e8d991caa8025983064a89b380e606c1e32de557e39142f2c14cef0c5e,IMPORT,block:warpCore,292,models/warpcore.obj,ADR-066 section 7.3; per-file import or origin/replacement decision still required
src/main/resources/assets/advancedrocketry/sounds.json,c9ec05a53f2728ac229a19495dbbf97620119c62ce67cb794add352692121077,REGENERATE,-,201,sounds.json,ADR-066 section 7.3; per-file import or origin/replacement decision still required
src/main/resources/assets/advancedrocketry/sounds/airhissloop.ogg,f22364b53b66314e5377aee1d85bdfdc883dea76bfa67fba0c27ba2bea912f72,REVIEW,sound_event:airHissLoop sound_event:basicLaserGun sound_event:combustionRocket sound_event:ElectricShockSmall sound_event:gravityOhhh sound_event:laserDrill sound_event:lathe sound_event:MachineLarge sound_event:railgunBang sound_event:rollingMachine,202,sounds/*.ogg,ADR-066 section 7.3; per-file import or origin/replacement decision still required
src/main/resources/assets/advancedrocketry/sounds/basiclasergun.ogg,00c97b7f80b8a6204cb999cb68516a67b286350be06a4fa901d0b6819395efc2,REVIEW,sound_event:airHissLoop sound_event:basicLaserGun sound_event:combustionRocket sound_event:ElectricShockSmall sound_event:gravityOhhh sound_event:laserDrill sound_event:lathe sound_event:MachineLarge sound_event:railgunBang sound_event:rollingMachine,202,sounds/*.ogg,ADR-066 section 7.3; per-file import or origin/replacement decision still required
src/main/resources/assets/advancedrocketry/sounds/combustionrocket.ogg,18a34e864d1b56bd937f04498d8e21cf4f82d12147d892fbe9a6e2a0efcab01f,REVIEW,sound_event:airHissLoop sound_event:basicLaserGun sound_event:combustionRocket sound_event:ElectricShockSmall sound_event:gravityOhhh sound_event:laserDrill sound_event:lathe sound_event:MachineLarge sound_event:railgunBang sound_event:rollingMachine,202,sounds/*.ogg,ADR-066 section 7.3; per-file import or origin/replacement decision still required
src/main/resources/assets/advancedrocketry/sounds/electricshocksmall.ogg,004051efb25324f970a607de71b02379131027c461625fa160847200880a384b,REVIEW,sound_event:airHissLoop sound_event:basicLaserGun sound_event:combustionRocket sound_event:ElectricShockSmall sound_event:gravityOhhh sound_event:laserDrill sound_event:lathe sound_event:MachineLarge sound_event:railgunBang sound_event:rollingMachine,202,sounds/*.ogg,ADR-066 section 7.3; per-file import or origin/replacement decision still required
src/main/resources/assets/advancedrocketry/sounds/gravityohhh.ogg,0d70f4fd0d43d94d9c2ec92367cb5334f7f484ba7aeb896a4ce3a79cd96dde64,REVIEW,sound_event:airHissLoop sound_event:basicLaserGun sound_event:combustionRocket sound_event:ElectricShockSmall sound_event:gravityOhhh sound_event:laserDrill sound_event:lathe sound_event:MachineLarge sound_event:railgunBang sound_event:rollingMachine,202,sounds/*.ogg,ADR-066 section 7.3; per-file import or origin/replacement decision still required
src/main/resources/assets/advancedrocketry/sounds/laserdrill.ogg,dbe75ef85cd9191a024e2bffaa0a13a691a8d9d0cc8d5ca311d063ebab4a64e5,REVIEW,sound_event:airHissLoop sound_event:basicLaserGun sound_event:combustionRocket sound_event:ElectricShockSmall sound_event:gravityOhhh sound_event:laserDrill sound_event:lathe sound_event:MachineLarge sound_event:railgunBang sound_event:rollingMachine,202,sounds/*.ogg,ADR-066 section 7.3; per-file import or origin/replacement decision still required
src/main/resources/assets/advancedrocketry/sounds/lathe.ogg,673d70feacea2d3a1031ae13d960879ef79b7eca3539e75a2322fb1190d75a32,REVIEW,sound_event:airHissLoop sound_event:basicLaserGun sound_event:combustionRocket sound_event:ElectricShockSmall sound_event:gravityOhhh sound_event:laserDrill sound_event:lathe sound_event:MachineLarge sound_event:railgunBang sound_event:rollingMachine,202,sounds/*.ogg,ADR-066 section 7.3; per-file import or origin/replacement decision still required
src/main/resources/assets/advancedrocketry/sounds/machinelarge.ogg,05308c20260a3e6fdd995f620a06d7cdb5e709a274dcf88e7598fc84c0c637e1,REVIEW,sound_event:airHissLoop sound_event:basicLaserGun sound_event:combustionRocket sound_event:ElectricShockSmall sound_event:gravityOhhh sound_event:laserDrill sound_event:lathe sound_event:MachineLarge sound_event:railgunBang sound_event:rollingMachine,202,sounds/*.ogg,ADR-066 section 7.3; per-file import or origin/replacement decision still required
src/main/resources/assets/advancedrocketry/sounds/railgunbang.ogg,5b63dfc455678bd85237c64cd2d029dcd03997015be8c12b0197ae5f6004e002,REVIEW,sound_event:airHissLoop sound_event:basicLaserGun sound_event:combustionRocket sound_event:ElectricShockSmall sound_event:gravityOhhh sound_event:laserDrill sound_event:lathe sound_event:MachineLarge sound_event:railgunBang sound_event:rollingMachine,202,sounds/*.ogg,ADR-066 section 7.3; per-file import or origin/replacement decision still required
src/main/resources/assets/advancedrocketry/sounds/rollingmachine.ogg,673d70feacea2d3a1031ae13d960879ef79b7eca3539e75a2322fb1190d75a32,REVIEW,sound_event:airHissLoop sound_event:basicLaserGun sound_event:combustionRocket sound_event:ElectricShockSmall sound_event:gravityOhhh sound_event:laserDrill sound_event:lathe sound_event:MachineLarge sound_event:railgunBang sound_event:rollingMachine,202,sounds/*.ogg,ADR-066 section 7.3; per-file import or origin/replacement decision still required
src/main/resources/assets/advancedrocketry/textures/armor/spacesuit_layer1.png,7ac3d475ba451ee266f19b5e701ee91e77023bb84bde75d5af97f83595fdc3a1,REVIEW,item:spaceHelmet item:spaceChestplate item:spaceLeggings item:spaceBoots,1,textures/armor/spacesuit_layer1.png,ADR-066 section 7.3; per-file import or origin/replacement decision still required
src/main/resources/assets/advancedrocketry/textures/armor/spacesuit_layer1_overlay.png,b08ac177e1cd4b12e6ffdbb4fe3329bf7ab1f2df394aa434b8b52342efe308d3,REVIEW,item:spaceHelmet item:spaceChestplate item:spaceLeggings item:spaceBoots,148,textures/armor/spacesuit_layer1_overlay.png,ADR-066 section 7.3; per-file import or origin/replacement decision still required
src/main/resources/assets/advancedrocketry/textures/armor/spacesuit_layer2_overlay.png,50cbee4333b2ea9992cb5cd84f6882d85aae9af176e874e7ebdaca9cb346edf8,REVIEW,item:spaceHelmet item:spaceChestplate item:spaceLeggings item:spaceBoots,117,textures/armor/spacesuit_layer2_overlay.png,ADR-066 section 7.3; per-file import or origin/replacement decision still required
src/main/resources/assets/advancedrocketry/textures/blocks/laserbottom.png,3fa3fb71f9de9d9ebc1949615f71111517088725648fefeca6cf713d6b12d3fa,REVIEW,block:spaceLaser,18,textures/blocks/laserbottom.png,ADR-066 section 7.3; per-file import or origin/replacement decision still required
src/main/resources/assets/advancedrocketry/textures/blocks/laserfront.png,ff12ed30f3651a5b845ad32435025b70436ba6b9c2ad54ac814b7645418f7780,REVIEW,block:spaceLaser,19,textures/blocks/laserfront.png,ADR-066 section 7.3; per-file import or origin/replacement decision still required
src/main/resources/assets/advancedrocketry/textures/blocks/lens1.png,ab26d0f736e01a0ea1046c45510e0cf0f23c1ff5fa2c07206a59b652efd8990b,IMPORT,block:spaceLaser,227,textures/blocks/lens1.png,ADR-066 section 7.3; per-file import or origin/replacement decision still required
src/main/resources/assets/advancedrocketry/textures/blocks/machineelectrolyzer.png,a513dcc2330bc4f17d0a7f12dffbd8a14ff319cbcbdf5c6e606a7ca0f0734e58,REVIEW,block:electrolyser,25,textures/blocks/machineelectrolyzer.png,ADR-066 section 7.3; per-file import or origin/replacement decision still required
src/main/resources/assets/advancedrocketry/textures/blocks/machineelectrolyzer_active.png,d832efad1324e7415264a0fa1ea4ba53935b1e6274a4be542850456eb11de45f,REVIEW,block:electrolyser,26,textures/blocks/machineelectrolyzer_active.png,ADR-066 section 7.3; per-file import or origin/replacement decision still required
src/main/resources/assets/advancedrocketry/textures/blocks/precisionassemblerfront.png,900a254d681d43bc3b8426602d6d253717fa42234d2aa3c5d7168bb5f5e825e3,REVIEW,block:precisionassemblingmachine,45,textures/blocks/precisionassemblerfront.png,ADR-066 section 7.3; per-file import or origin/replacement decision still required
src/main/resources/assets/advancedrocketry/textures/blocks/precisionassemblerfront_active.png,d076c5b187ef8f205249e2bacae72ba440197b60aae971533f55bddf0fce6d94,REVIEW,block:precisionassemblingmachine,46,textures/blocks/precisionassemblerfront_active.png,ADR-066 section 7.3; per-file import or origin/replacement decision still required
src/main/resources/assets/advancedrocketry/textures/blocks/railgun.png,38e3913bc16000fae00213f07db9884a0a46e0880d394c27626effff82941751,REVIEW,block:railgun,52,textures/blocks/railgun.png,ADR-066 section 7.3; per-file import or origin/replacement decision still required
src/main/resources/assets/advancedrocketry/textures/blocks/satelliteassembler.png,fcd313eaa561a7ede57da7ef2f468e522f98fe6bfa688eb42ef6b033920912bc,REVIEW,block:satelliteBuilder,53,textures/blocks/satelliteassembler.png,ADR-066 section 7.3; per-file import or origin/replacement decision still required
src/main/resources/assets/advancedrocketry/textures/blocks/vacuumlaserfront.png,d70e2bd632fbcdd68412314501b01ab17dc3e14122c04a006949acb1033e40c7,REVIEW,block:spaceLaser,127,textures/blocks/vacuumlaserfront.png,ADR-066 section 7.3; per-file import or origin/replacement decision still required
src/main/resources/assets/advancedrocketry/textures/blocks/warpcore.png,86047e72b36a23c141c3ad1a0f92f9038cc78e837c332cc5b86abd99182d5782,REVIEW,block:warpCore,59,textures/blocks/warpcore.png,ADR-066 section 7.3; per-file import or origin/replacement decision still required
src/main/resources/assets/advancedrocketry/textures/entity/flare.png,de9844e4f30969bfe623c4966d622d1cc47c887c3d4f63e9868611a7746b5968,IMPORT,block:rocketmotor,329,textures/entity/flare.png,ADR-066 section 7.3; per-file import or origin/replacement decision still required
src/main/resources/assets/advancedrocketry/textures/env/accretiondisk.png,0e2a22282483b13c974d7f739979b0df3bece4bd3562a3102dab3bfb90e6dc26,IMPORT,block:blackholegenerator,325,textures/env/*,ADR-066 section 7.3; per-file import or origin/replacement decision still required
src/main/resources/assets/advancedrocketry/textures/env/blackhole.png,a69c7d103499655d25ec9c5a1ec4ae94d2a896ff1bea6260e733a1955c177a12,IMPORT,block:blackholegenerator,325,textures/env/*,ADR-066 section 7.3; per-file import or origin/replacement decision still required
src/main/resources/assets/advancedrocketry/textures/env/blackhole_icon.png,6533557a990d3d00f67a8e9ac6a2d8289f57dc1cae65ab71ac8fcfb01ec03824,IMPORT,block:blackholegenerator,325,textures/env/*,ADR-066 section 7.3; per-file import or origin/replacement decision still required
src/main/resources/assets/advancedrocketry/textures/env/sun.png,fadafd7eed05dfc3b403c4aca22020ca5f896b314c43ad7daa7595ea21cc27c3,REVIEW,-,167,textures/env/sun.png,ADR-066 section 7.3; per-file import or origin/replacement decision still required
src/main/resources/assets/advancedrocketry/textures/env/sun3.png,2bfcad73fbbe7a4f501ac2923fd0e29dcea93e1410bd93fdb258e27665ec5c39,IMPORT,block:blackholegenerator,325,textures/env/*,ADR-066 section 7.3; per-file import or origin/replacement decision still required
src/main/resources/assets/advancedrocketry/textures/gui/eyecandy/earth.png,2ffdd78c2fd5c0529039effb08c0c0ec2f6911b0988d4ba21f6f7050acd3466d,REVIEW,-,169,textures/gui/eyecandy/earth.png,ADR-066 section 7.3; per-file import or origin/replacement decision still required
src/main/resources/assets/advancedrocketry/textures/gui/eyecandy/spinnything.png,f421b458291609a55336b8331b9634fb95b9ee303235c2c129338eb54135e6e8,IMPORT,block:warpMonitor,260,textures/gui/eyecandy/spinnything.png,ADR-066 section 7.3; per-file import or origin/replacement decision still required
src/main/resources/assets/advancedrocketry/textures/gui/rockethud.png,c547a7eb6bddb4ddf8e562d15d854ce602c0ee070ebf2f19b2d3e6c10cd3a745,IMPORT,event:RocketEventHandler.onScreenRender(Post),256,textures/gui/rockethud.png,ADR-066 section 7.3; per-file import or origin/replacement decision still required
src/main/resources/assets/advancedrocketry/textures/items/advancedsolarpanel.png,0dde8b0f88304f6e96fb73ae56437ab74537130ce2ec7393ed40147ca72bfd48,REVIEW,item_variant:satellitePowerSource/1,72,textures/items/advancedsolarpanel.png,ADR-066 section 7.3; per-file import or origin/replacement decision still required
src/main/resources/assets/advancedrocketry/textures/items/basiclens.png,863dbbc076b4daa770dc6b862db599908f9103f6838e4013a799f2d33e5cf3f1,IMPORT,item_variant:lens/0,239,textures/items/basiclens.png,ADR-066 section 7.3; per-file import or origin/replacement decision still required
src/main/resources/assets/advancedrocketry/textures/items/basicsolarpanel.png,2d44a65d2e0f81fbe8c2b4ae5401848f0448c6d59c6f44e364c3d39e128d3ec6,REVIEW,item_variant:satellitePowerSource/0,75,textures/items/basicsolarpanel.png,ADR-066 section 7.3; per-file import or origin/replacement decision still required
src/main/resources/assets/advancedrocketry/textures/items/compositionsensor.png,485f2d326ddca902fdcb7032d586d2f78bba5de060dd66a49b2de20764a1ec65,IMPORT,item_variant:satellitePrimaryFunction/1,249,textures/items/compositionsensor.png,ADR-066 section 7.3; per-file import or origin/replacement decision still required
src/main/resources/assets/advancedrocketry/textures/items/massdetector.png,187abd60ab99c6b066d8032c043f69e919de65ae414cc966307c4b0b6fd376af,IMPORT,item_variant:satellitePrimaryFunction/2,250,textures/items/massdetector.png,ADR-066 section 7.3; per-file import or origin/replacement decision still required
src/main/resources/assets/advancedrocketry/textures/items/microwavetransmitter.png,935869eebe9c61e4c5f6b635d24844b5df444f0c8a8994aeca6b4a8821a05b87,IMPORT,item_variant:satellitePrimaryFunction/3,251,textures/items/microwavetransmitter.png,ADR-066 section 7.3; per-file import or origin/replacement decision still required
src/main/resources/assets/advancedrocketry/textures/items/opticalsensor.png,8c5146f5694f28bc99e1e0acbc2993d694ddc0efc12737845373f3ecfafbda50,IMPORT,item_variant:satellitePrimaryFunction/0,252,textures/items/opticalsensor.png,ADR-066 section 7.3; per-file import or origin/replacement decision still required
src/main/resources/assets/advancedrocketry/textures/items/oremapper.png,23b9b5ddb27e95045162676e87ace3201bf140de62efff780a40ff395ff8aca4,IMPORT,item_variant:satellitePrimaryFunction/4,253,textures/items/oremapper.png,ADR-066 section 7.3; per-file import or origin/replacement decision still required
src/main/resources/assets/advancedrocketry/textures/items/satellite.png,8506ef216d7f62b7f949462ba0f85011b998cfbf89e27986fbccccea25692e47,IMPORT,item:satellite item_variant:satellitePowerSource/0 item_variant:satellitePowerSource/1 item_variant:satellitePrimaryFunction/3 item_variant:satellitePrimaryFunction/4,248,textures/items/satellite*.png,ADR-066 section 7.3; per-file import or origin/replacement decision still required
src/main/resources/assets/advancedrocketry/textures/items/satelliteidchip.png,db8baf7f5c71b90168f5e2e638368b90951e19821f8a4d11046fd95e3038c930,IMPORT,item:satellite item_variant:satellitePowerSource/0 item_variant:satellitePowerSource/1 item_variant:satellitePrimaryFunction/3 item_variant:satellitePrimaryFunction/4,248,textures/items/satellite*.png,ADR-066 section 7.3; per-file import or origin/replacement decision still required
src/main/resources/assets/advancedrocketry/textures/items/satellitepowersource0.png,2d44a65d2e0f81fbe8c2b4ae5401848f0448c6d59c6f44e364c3d39e128d3ec6,REVIEW,item:satellite item_variant:satellitePowerSource/0 item_variant:satellitePowerSource/1 item_variant:satellitePrimaryFunction/3 item_variant:satellitePrimaryFunction/4,86,textures/items/satellitepowersource0.png,ADR-066 section 7.3; per-file import or origin/replacement decision still required
src/main/resources/assets/advancedrocketry/textures/items/satellitepowersource1.png,0dde8b0f88304f6e96fb73ae56437ab74537130ce2ec7393ed40147ca72bfd48,REVIEW,item:satellite item_variant:satellitePowerSource/0 item_variant:satellitePowerSource/1 item_variant:satellitePrimaryFunction/3 item_variant:satellitePrimaryFunction/4,87,textures/items/satellitepowersource1.png,ADR-066 section 7.3; per-file import or origin/replacement decision still required
src/main/resources/assets/advancedrocketry/textures/items/satelliteprimaryfunction0.png,8c5146f5694f28bc99e1e0acbc2993d694ddc0efc12737845373f3ecfafbda50,IMPORT,item:satellite item_variant:satellitePowerSource/0 item_variant:satellitePowerSource/1 item_variant:satellitePrimaryFunction/3 item_variant:satellitePrimaryFunction/4,248,textures/items/satellite*.png,ADR-066 section 7.3; per-file import or origin/replacement decision still required
src/main/resources/assets/advancedrocketry/textures/items/satelliteprimaryfunction1.png,485f2d326ddca902fdcb7032d586d2f78bba5de060dd66a49b2de20764a1ec65,IMPORT,item:satellite item_variant:satellitePowerSource/0 item_variant:satellitePowerSource/1 item_variant:satellitePrimaryFunction/3 item_variant:satellitePrimaryFunction/4,248,textures/items/satellite*.png,ADR-066 section 7.3; per-file import or origin/replacement decision still required
src/main/resources/assets/advancedrocketry/textures/items/satelliteprimaryfunction2.png,187abd60ab99c6b066d8032c043f69e919de65ae414cc966307c4b0b6fd376af,IMPORT,item:satellite item_variant:satellitePowerSource/0 item_variant:satellitePowerSource/1 item_variant:satellitePrimaryFunction/3 item_variant:satellitePrimaryFunction/4,248,textures/items/satellite*.png,ADR-066 section 7.3; per-file import or origin/replacement decision still required
src/main/resources/assets/advancedrocketry/textures/items/satelliteprimaryfunction3.png,935869eebe9c61e4c5f6b635d24844b5df444f0c8a8994aeca6b4a8821a05b87,IMPORT,item:satellite item_variant:satellitePowerSource/0 item_variant:satellitePowerSource/1 item_variant:satellitePrimaryFunction/3 item_variant:satellitePrimaryFunction/4,248,textures/items/satellite*.png,ADR-066 section 7.3; per-file import or origin/replacement decision still required
src/main/resources/assets/advancedrocketry/textures/items/satelliteprimaryfunction4.png,23b9b5ddb27e95045162676e87ace3201bf140de62efff780a40ff395ff8aca4,IMPORT,item:satellite item_variant:satellitePowerSource/0 item_variant:satellitePowerSource/1 item_variant:satellitePrimaryFunction/3 item_variant:satellitePrimaryFunction/4,248,textures/items/satellite*.png,ADR-066 section 7.3; per-file import or origin/replacement decision still required
src/main/resources/assets/advancedrocketry/textures/items/satelliteprimaryfunction5.png,17078c0d4ebffa1d9098d4f2ded82a1765911db19894d885693955677a1c5cfb,IMPORT,item:satellite item_variant:satellitePowerSource/0 item_variant:satellitePowerSource/1 item_variant:satellitePrimaryFunction/3 item_variant:satellitePrimaryFunction/4,248,textures/items/satellite*.png,ADR-066 section 7.3; per-file import or origin/replacement decision still required
src/main/resources/assets/advancedrocketry/textures/items/space_boots.png,79ce28db42f00c86f90f99140ac3be60168ed0fcaf69452445e1dad6bb1bb5f6,REVIEW,item:spaceHelmet item:spaceChestplate item:spaceLeggings item:spaceBoots,89,textures/items/space_boots.png,ADR-066 section 7.3; per-file import or origin/replacement decision still required
src/main/resources/assets/advancedrocketry/textures/items/space_chestplate.png,a84114f2315e4bc70cc04092f0834f113ce8016bea3b1c30b23068c76d46572c,REVIEW,item:spaceHelmet item:spaceChestplate item:spaceLeggings item:spaceBoots,90,textures/items/space_chestplate.png,ADR-066 section 7.3; per-file import or origin/replacement decision still required
src/main/resources/assets/advancedrocketry/textures/items/spaceboots.png,79ce28db42f00c86f90f99140ac3be60168ed0fcaf69452445e1dad6bb1bb5f6,REVIEW,item:spaceHelmet item:spaceChestplate item:spaceLeggings item:spaceBoots,93,textures/items/spaceboots.png,ADR-066 section 7.3; per-file import or origin/replacement decision still required
src/main/resources/assets/advancedrocketry/textures/items/spaceboots_overlay.png,8a4c62941843cd40a57cbded184ccc1e6eeafb0e6c3cca73abe61cd513a189a5,REVIEW,item:spaceHelmet item:spaceChestplate item:spaceLeggings item:spaceBoots,144,textures/items/spaceboots_overlay.png,ADR-066 section 7.3; per-file import or origin/replacement decision still required
src/main/resources/assets/advancedrocketry/textures/items/spacechestplate.png,a84114f2315e4bc70cc04092f0834f113ce8016bea3b1c30b23068c76d46572c,REVIEW,item:spaceHelmet item:spaceChestplate item:spaceLeggings item:spaceBoots,94,textures/items/spacechestplate.png,ADR-066 section 7.3; per-file import or origin/replacement decision still required
src/main/resources/assets/advancedrocketry/textures/items/spacechestplate_overlay.png,2c56f35586d4f8e87d2d8768b6985466e7c7df6a1f487ceb7840170b8e08e800,REVIEW,item:spaceHelmet item:spaceChestplate item:spaceLeggings item:spaceBoots,145,textures/items/spacechestplate_overlay.png,ADR-066 section 7.3; per-file import or origin/replacement decision still required
src/main/resources/assets/advancedrocketry/textures/items/spacehelmet_overlay.png,51ae33ded2c3cc1d5ca117b1f6940b42d7bfb5bebc9f415c8f310ccf948d669e,REVIEW,item:spaceHelmet item:spaceChestplate item:spaceLeggings item:spaceBoots,146,textures/items/spacehelmet_overlay.png,ADR-066 section 7.3; per-file import or origin/replacement decision still required
src/main/resources/assets/advancedrocketry/textures/models/areagravitycontroller.png,389e7e70ef5f454bb9bc1855f4304d31e0a2fde3da32e292af7dfbb066c8221e,REVIEW,block:gravityMachine,147,textures/models/areagravitycontroller.png,ADR-066 section 7.3; per-file import or origin/replacement decision still required
src/main/resources/assets/advancedrocketry/textures/models/astrobodydataprocessor.png,2d4a1c3da6902f2053ebde142393fc9a4196d6d5fe258d1f61f44c11427e13e8,IMPORT,block:planetAnalyser,302,textures/models/astrobodydataprocessor.png,ADR-066 section 7.3; per-file import or origin/replacement decision still required
src/main/resources/assets/advancedrocketry/textures/models/blackholegenerator.png,e414c53688d68ef724b117db2014d9839e27ca4241b7e1ef4f3c1c6224a2d448,IMPORT,block:blackholegenerator,303,textures/models/blackholegenerator.png,ADR-066 section 7.3; per-file import or origin/replacement decision still required
src/main/resources/assets/advancedrocketry/textures/models/centrifuge.png,a817f3b557a0d0816b73a6465d538d0773f4ebff3825f597f90a1a59fc5c117f,IMPORT,block:centrifuge,304,textures/models/centrifuge.png,ADR-066 section 7.3; per-file import or origin/replacement decision still required
src/main/resources/assets/advancedrocketry/textures/models/chemicalreactor.png,57dfbad3664234fecba33014bc7f487d088072c0699a4a985f4eaef0a2ab333c,IMPORT,block:chemicalReactor,305,textures/models/chemicalreactor.png,ADR-066 section 7.3; per-file import or origin/replacement decision still required
src/main/resources/assets/advancedrocketry/textures/models/crystalliser.png,6a467f4d54b1b4a533349d52f380a0069ee1505cb00c22ece3f7b82a910a7b8d,IMPORT,block:crystallizer,306,textures/models/crystalliser.png,ADR-066 section 7.3; per-file import or origin/replacement decision still required
src/main/resources/assets/advancedrocketry/textures/models/cuttingmachine.png,87ad3a50397ce233138eb8f023ee54edd1b32f005431668b32465e663513eb31,IMPORT,block:cuttingMachine,307,textures/models/cuttingmachine.png,ADR-066 section 7.3; per-file import or origin/replacement decision still required
src/main/resources/assets/advancedrocketry/textures/models/diamondmetal.png,cc5c6abf0831a4f1b55a030e263a111fa6c0c1a29e58862255592e3f588af98b,IMPORT,-,308,textures/models/diamondmetal.png,ADR-066 section 7.3; per-file import or origin/replacement decision still required
src/main/resources/assets/advancedrocketry/textures/models/electrolyser.png,2c2a8aed2408fe851d7d154edf35262714b5a68f30a9e0ad5b4c2db4146ec979,IMPORT,block:electrolyser,309,textures/models/electrolyser.png,ADR-066 section 7.3; per-file import or origin/replacement decision still required
src/main/resources/assets/advancedrocketry/textures/models/fan.png,c0a214686792a26d11b96686af4741589839ca148e1bfeba6813addaa1d0a01d,IMPORT,-,310,textures/models/fan.png,ADR-066 section 7.3; per-file import or origin/replacement decision still required
src/main/resources/assets/advancedrocketry/textures/models/girder.png,717e78f731f2a28bda4e73fa912f1dcef27d6738e8f9f2cd355dae970da0013d,IMPORT,block:rocketBuilder,311,textures/models/girder.png,ADR-066 section 7.3; per-file import or origin/replacement decision still required
src/main/resources/assets/advancedrocketry/textures/models/grid.png,e672ce5979a4b1bc3332d7455ea9dc263f0cf766318ccbc409786f4c1ca15c8e,IMPORT,block:rocketBuilder,312,textures/models/grid.png,ADR-066 section 7.3; per-file import or origin/replacement decision still required
src/main/resources/assets/advancedrocketry/textures/models/lathe.png,4fce4658d898134acec54f1e9dc6a925669e2524ade8ec8540a5c71e2a18faaf,IMPORT,block:lathe,313,textures/models/lathe.png,ADR-066 section 7.3; per-file import or origin/replacement decision still required
src/main/resources/assets/advancedrocketry/textures/models/metalplate.png,7cce02e544d9ea569f44224d572d63f1f6ddbc4bbe56b058af3d672d3109c84b,IMPORT,-,314,textures/models/metalplate.png,ADR-066 section 7.3; per-file import or origin/replacement decision still required
src/main/resources/assets/advancedrocketry/textures/models/observatory.png,bf569d80044094161e6cb7caab853a33e34cb7b4876370acc125467fcd8f0c0d,IMPORT,block:observatory,315,textures/models/observatory.png,ADR-066 section 7.3; per-file import or origin/replacement decision still required
src/main/resources/assets/advancedrocketry/textures/models/orbitallaserdrill.png,bd9ffa2ec3dc4c1df28edcb02ab8764620ff02241a2cab2f8b14e780b1e56c67,IMPORT,block:spaceLaser,316,textures/models/orbitallaserdrill.png,ADR-066 section 7.3; per-file import or origin/replacement decision still required
src/main/resources/assets/advancedrocketry/textures/models/precisionassembler.png,fe217ca349dee59981f4b1576b91c1c83aca13a35b2ec11f7ebd77abd14a93fa,IMPORT,block:precisionassemblingmachine,317,textures/models/precisionassembler.png,ADR-066 section 7.3; per-file import or origin/replacement decision still required
src/main/resources/assets/advancedrocketry/textures/models/precisionlaseretcher.png,9a482e80ea7be628895ff36a00ea63e9d0150e09f49304495304d3e3d3eb18e0,IMPORT,block:precisionlaseretcher,318,textures/models/precisionlaseretcher.png,ADR-066 section 7.3; per-file import or origin/replacement decision still required
src/main/resources/assets/advancedrocketry/textures/models/railgun.png,de608002d204110de0fb342f669654cd40ccfc7eb07aca25ea9ab9dd31359fb1,IMPORT,block:railgun,319,textures/models/railgun.png,ADR-066 section 7.3; per-file import or origin/replacement decision still required
src/main/resources/assets/advancedrocketry/textures/models/rollingmachine.png,3d6e85c620156c40956dac5783c32dfeeabe59cb1553d6ecd42c143b994de9ac,IMPORT,block:rollingMachine,320,textures/models/rollingmachine.png,ADR-066 section 7.3; per-file import or origin/replacement decision still required
src/main/resources/assets/advancedrocketry/textures/models/solararray.png,fa3fd692c12c730113b9a71cfaa5a6a080dc3dcb410d0d38a5de5979681b4356,IMPORT,block:solararray,321,textures/models/solararray.png,ADR-066 section 7.3; per-file import or origin/replacement decision still required
src/main/resources/assets/advancedrocketry/textures/models/spaceelevator.png,4f7432267f11e5f17e642c7d1c3950752952691773d85f7e1da25e70ea6cf68d,IMPORT,block:spaceElevatorController,322,textures/models/spaceelevator.png,ADR-066 section 7.3; per-file import or origin/replacement decision still required
src/main/resources/assets/advancedrocketry/textures/models/spaceelevatorcapsule.png,12c6ccc1aaed6d7135321d6299cb292d9da4ecd09cde462f33797b931b5dfcaa,IMPORT,entity:ARSpaceElevatorCapsule,323,textures/models/spaceelevatorcapsule.png,ADR-066 section 7.3; per-file import or origin/replacement decision still required
src/main/resources/assets/advancedrocketry/textures/models/warpcore.png,9d0456c2b14e11c95cefa099677ab40b1a006fba32c94b1e080426a6d4487fa5,IMPORT,block:warpCore,324,textures/models/warpcore.png,ADR-066 section 7.3; per-file import or origin/replacement decision still required
src/main/resources/assets/advancedrocketry/textures/particle/donut.png,a2ba1b3d21d0f882d5893f3de50530ef657ceeff6d7d7fedd414d85c20c65570,IMPORT,-,328,textures/particle/*,ADR-066 section 7.3; per-file import or origin/replacement decision still required
src/main/resources/assets/advancedrocketry/textures/particle/hardsquare.png,500d36890817ce429dc3e9cda01ce949f72073691816aac2b50e33d495f8bfdd,IMPORT,-,328,textures/particle/*,ADR-066 section 7.3; per-file import or origin/replacement decision still required
src/main/resources/assets/advancedrocketry/textures/particle/lightning.png,5b42cc3a6940abc59fa05247f36e2de1c76ad28c48b2a59a55d3a3051163c633,IMPORT,-,328,textures/particle/*,ADR-066 section 7.3; per-file import or origin/replacement decision still required
src/main/resources/assets/advancedrocketry/textures/particle/soft.png,fb921ca23691795bbcaa536ac70d6dd8986f6db6bd0176ffed70821a8898c987,IMPORT,-,328,textures/particle/*,ADR-066 section 7.3; per-file import or origin/replacement decision still required
src/main/resources/assets/advancedrocketry/textures/particle/softround.png,38726cccd10690043609ef539a70fb23e29a14b91c3e2ff0b3367945ac3f7422,IMPORT,-,328,textures/particle/*,ADR-066 section 7.3; per-file import or origin/replacement decision still required
src/main/resources/assets/advancedrocketry/textures/particle/softrounddistorted.png,a5ecf0c99d6e4fd9b60f8d0e7610a5bdd5c133a44f9179093da404d41eee869d,IMPORT,-,328,textures/particle/*,ADR-066 section 7.3; per-file import or origin/replacement decision still required
src/main/resources/assets/advancedrocketry/textures/planets/asteroid.png,7d0f63744b03c6bf5e9ac531ede4c64efbf98adfcfa1a3f76af8ff4bb393cb35,REVIEW,-,98,textures/planets/asteroid.png,ADR-066 section 7.3; per-file import or origin/replacement decision still required
src/main/resources/assets/advancedrocketry/textures/planets/asteroid_a.png,1c9005b415633b7f2376c354a6f942ffc41e7e4d252f473424b3ae6fa4a3c2d6,IMPORT,-,327,textures/planets/*,ADR-066 section 7.3; per-file import or origin/replacement decision still required
src/main/resources/assets/advancedrocketry/textures/planets/asteroid_b.png,69b49dc3a7a69a131f225d742de0b6b9fa60a756694d943c0fc1dd6a2d69650d,IMPORT,-,327,textures/planets/*,ADR-066 section 7.3; per-file import or origin/replacement decision still required
src/main/resources/assets/advancedrocketry/textures/planets/asteroid_c.png,4ea0dcb526a8f1afb199fc4ba35f22be415a3a439190f4f546cefc28ca95abfd,IMPORT,-,327,textures/planets/*,ADR-066 section 7.3; per-file import or origin/replacement decision still required
src/main/resources/assets/advancedrocketry/textures/planets/asteroidleo.png,57ee74f405b57c13d39f55d322493a85881a6b50af0421a815dd18167d88e243,IMPORT,-,327,textures/planets/*,ADR-066 section 7.3; per-file import or origin/replacement decision still required
src/main/resources/assets/advancedrocketry/textures/planets/atmglow.png,c2d567f266e27beebeb4d7f258fb66d221bdf2f3ac0c3548dfa0604db56aa14f,REVIEW,-,99,textures/planets/atmglow.png,ADR-066 section 7.3; per-file import or origin/replacement decision still required
src/main/resources/assets/advancedrocketry/textures/planets/atmosphere.png,5ebe141288d2f599a246f070df3a80c07c244d49189f8116e2d01f499d1ae68a,REVIEW,-,100,textures/planets/atmosphere.png,ADR-066 section 7.3; per-file import or origin/replacement decision still required
src/main/resources/assets/advancedrocketry/textures/planets/atmosphere2.png,0820f015ea5437419bc2bcdb184f931f28fc9b08d71f12b7268edc3151fd6704,REVIEW,-,101,textures/planets/atmosphere2.png,ADR-066 section 7.3; per-file import or origin/replacement decision still required
src/main/resources/assets/advancedrocketry/textures/planets/atmosphereleo.png,112d356441a94f8450ab2cd4ef6c23e1d89935eac1bd6c6f2883f92e9f1c05b1,REVIEW,-,204,textures/planets/atmosphereleo.png,ADR-066 section 7.3; per-file import or origin/replacement decision still required
src/main/resources/assets/advancedrocketry/textures/planets/carbonworld.png,f7adac5033f2bbd6584338e399fd43d7151c8029b3e88d6985b240030239213a,REVIEW,-,102,textures/planets/carbonworld.png,ADR-066 section 7.3; per-file import or origin/replacement decision still required
src/main/resources/assets/advancedrocketry/textures/planets/carbonworldleo.jpg,a79ca4e4dcb306caeb502f7b7ff87a6264471ac6ddaa3e06ef471d02ce30f9ea,REVIEW,-,203,textures/planets/*leo.jpg,ADR-066 section 7.3; per-file import or origin/replacement decision still required
src/main/resources/assets/advancedrocketry/textures/planets/desertworld.png,c5ccfbaddad8f27c99139ac9f45809778f2e93ea6ae0a0f23748033d1e12a7df,REVIEW,-,103,textures/planets/desertworld.png,ADR-066 section 7.3; per-file import or origin/replacement decision still required
src/main/resources/assets/advancedrocketry/textures/planets/desertworldleo.jpg,e80bc8e3a0c8fbde3430944c125bb181b7a5499c0b648ba49f69352340ac07ba,REVIEW,-,203,textures/planets/*leo.jpg,ADR-066 section 7.3; per-file import or origin/replacement decision still required
src/main/resources/assets/advancedrocketry/textures/planets/earthlike.png,b2863a27372fee5f51261af5d3fba693a423070def3bfb12e98fce657e2523a7,REVIEW,-,104,textures/planets/earthlike.png,ADR-066 section 7.3; per-file import or origin/replacement decision still required
src/main/resources/assets/advancedrocketry/textures/planets/earthlikeleo.jpg,9b4057447a76500a3e05d06ace36b90b9dc31dab875f28b533563c2b2a7718f8,REVIEW,-,203,textures/planets/*leo.jpg,ADR-066 section 7.3; per-file import or origin/replacement decision still required
src/main/resources/assets/advancedrocketry/textures/planets/gasgiantblue.png,532db78ca52ceeb8b44036cd952e134b9b222987a7ec33837a5561295d82b957,REVIEW,-,105,textures/planets/gasgiantblue.png,ADR-066 section 7.3; per-file import or origin/replacement decision still required
src/main/resources/assets/advancedrocketry/textures/planets/gasgiantblueleo.jpg,114b364312b0126ff58e4ae4ccf999503546c4b76b5561b3cedc8432d9f99013,REVIEW,-,203,textures/planets/*leo.jpg,ADR-066 section 7.3; per-file import or origin/replacement decision still required
src/main/resources/assets/advancedrocketry/textures/planets/gasgiantbrown.png,5646abdf7e6417d3e4a42a78894413579d68fe76f466fea2ce421881d956e521,REVIEW,-,106,textures/planets/gasgiantbrown.png,ADR-066 section 7.3; per-file import or origin/replacement decision still required
src/main/resources/assets/advancedrocketry/textures/planets/gasgiantbrownleo.jpg,ce33c3053d51ce935ab9f9a211e0f7bca58022e9f44db8a687bbdf0b637afbf3,REVIEW,-,203,textures/planets/*leo.jpg,ADR-066 section 7.3; per-file import or origin/replacement decision still required
src/main/resources/assets/advancedrocketry/textures/planets/gasgiantred.png,c9e95164b753f4efb27aa1e8c01446682e644eb711503317e67b38bd7aaabb03,REVIEW,-,107,textures/planets/gasgiantred.png,ADR-066 section 7.3; per-file import or origin/replacement decision still required
src/main/resources/assets/advancedrocketry/textures/planets/gasgiantredleo.jpg,981e0913e44fef1cc4bba4f84b47eb15be25a3abeb5e429e15fb49f7161fc591,REVIEW,-,203,textures/planets/*leo.jpg,ADR-066 section 7.3; per-file import or origin/replacement decision still required
src/main/resources/assets/advancedrocketry/textures/planets/iceworld.png,7c026481e53fe8eb10b5d55fed6df3aa4451761f52a8f7ebf6cd4a606a406c88,REVIEW,-,108,textures/planets/iceworld.png,ADR-066 section 7.3; per-file import or origin/replacement decision still required
src/main/resources/assets/advancedrocketry/textures/planets/iceworldleo.jpg,6d22457fe1eb475b187cfecb60469188380131c5d600ee21b21e24d791798a42,REVIEW,-,203,textures/planets/*leo.jpg,ADR-066 section 7.3; per-file import or origin/replacement decision still required
src/main/resources/assets/advancedrocketry/textures/planets/lava.png,4841e774d3f5ed03cc99e05ae788dea4cae211424293f2fb80fe4eccf8bc4e45,REVIEW,-,326,textures/planets/lava.png,ADR-066 section 7.3; per-file import or origin/replacement decision still required
src/main/resources/assets/advancedrocketry/textures/planets/lavaleo.jpg,4a63684cd5efeee528fc51b946afa370c70dafbce0097034aef7a4851633e0a1,REVIEW,-,203,textures/planets/*leo.jpg,ADR-066 section 7.3; per-file import or origin/replacement decision still required
src/main/resources/assets/advancedrocketry/textures/planets/marslike.png,015743a23036bdf879ed49a33fef387757ed05061f7f7ea626c0d6539443832a,REVIEW,-,109,textures/planets/marslike.png,ADR-066 section 7.3; per-file import or origin/replacement decision still required
src/main/resources/assets/advancedrocketry/textures/planets/marslikeleo.jpg,a5038f4cfde09dbe3f0ec9595e524897023e2860a0face25810034e6ec9f09b3,REVIEW,-,203,textures/planets/*leo.jpg,ADR-066 section 7.3; per-file import or origin/replacement decision still required
src/main/resources/assets/advancedrocketry/textures/planets/moon.png,5e2e34035bc583ed5ec1d969d5cabb349e34ab37365dda94ca4ce7e09c7eda1b,REVIEW,-,110,textures/planets/moon.png,ADR-066 section 7.3; per-file import or origin/replacement decision still required
src/main/resources/assets/advancedrocketry/textures/planets/moonleo.jpg,d197050ab0cb63a8ae71cb283713b6802578a9c79833a1a6fdf2cb3cab1777f2,REVIEW,-,203,textures/planets/*leo.jpg,ADR-066 section 7.3; per-file import or origin/replacement decision still required
src/main/resources/assets/advancedrocketry/textures/planets/rings.png,b54079aee062f4cced30aa1e0e89deadc0f6b35c19aa282fac2b7f732b8a8dad,REVIEW,-,111,textures/planets/rings.png,ADR-066 section 7.3; per-file import or origin/replacement decision still required
src/main/resources/assets/advancedrocketry/textures/planets/ringshadow.png,ec27a1738d2b382ffcbdc3095c5005d5c6be3af929c8d157c15e97be363ca105,REVIEW,-,112,textures/planets/ringshadow.png,ADR-066 section 7.3; per-file import or origin/replacement decision still required
src/main/resources/assets/advancedrocketry/textures/planets/shadow.png,b7dbf64e5d9f77b569a843e0aadf5718e3cfd93f794e40bdcc70064d6acddb7a,REVIEW,-,168,textures/planets/shadow.png,ADR-066 section 7.3; per-file import or origin/replacement decision still required
src/main/resources/assets/advancedrocketry/textures/planets/shadow3.png,6714f39defed18a5bed5336b9d8e27f952ff17b0804b105078174cf76aceee4b,REVIEW,-,113,textures/planets/shadow3.png,ADR-066 section 7.3; per-file import or origin/replacement decision still required
src/main/resources/assets/advancedrocketry/textures/planets/spoopy.png,551ea9288cd3a7161977099b2c613b70a4aa36619964aac07aa075656680309f,IMPORT,-,327,textures/planets/*,ADR-066 section 7.3; per-file import or origin/replacement decision still required
src/main/resources/assets/advancedrocketry/textures/planets/venusian.png,145d5c0fd48aa29aebd947d52c39f51dabf407eba79e96a1093ca86489d57aab,REVIEW,-,114,textures/planets/venusian.png,ADR-066 section 7.3; per-file import or origin/replacement decision still required
src/main/resources/assets/advancedrocketry/textures/planets/venusianleo.jpg,f8fe1ed6240aba7a473f7c03a216d761206f131095602e6f60bff79134055fa7,REVIEW,-,203,textures/planets/*leo.jpg,ADR-066 section 7.3; per-file import or origin/replacement decision still required
src/main/resources/assets/advancedrocketry/textures/planets/waterworld.png,9826c8d0573ceacb2a1bda39cf5205e1d1243ce23981fb6ed7015b3339147c6c,REVIEW,-,115,textures/planets/waterworld.png,ADR-066 section 7.3; per-file import or origin/replacement decision still required
src/main/resources/assets/advancedrocketry/textures/planets/waterworldleo.jpg,80eb16178e76030109c1201ada339963a2a0aef328cbd3fda8307fe9da5694e2,REVIEW,-,203,textures/planets/*leo.jpg,ADR-066 section 7.3; per-file import or origin/replacement decision still required
