unit_id,batch,proposed_target,contract_sections,migration,verification,provenance,player_limitations,status
advancement:beer,C18c,advancedrocketrycommunity:classic/seat_on_tnt,6.2,"ADR-066 sections 2, 6.2",ADR-066 section 8; actual slice evidence required,ADR-061 / ADR-066 sections 1 and 7.3; NEW or separately approved import only,ADR-066 owning section; accepted ADR-062 deferrals unchanged,PROPOSED; ledger remains PLANNED
advancement:blockpresser,C18c,advancedrocketrycommunity:classic/block_press,6.2,"ADR-066 sections 2, 6.2",ADR-066 section 8; actual slice evidence required,ADR-061 / ADR-066 sections 1 and 7.3; NEW or separately approved import only,ADR-066 owning section; accepted ADR-062 deferrals unchanged,PROPOSED; ledger remains PLANNED
advancement:crystalline,C18c,advancedrocketrycommunity:classic/crystallizer,6.2,"ADR-066 sections 2, 6.2",ADR-066 section 8; actual slice evidence required,ADR-061 / ADR-066 sections 1 and 7.3; NEW or separately approved import only,ADR-066 owning section; accepted ADR-062 deferrals unchanged,PROPOSED; ledger remains PLANNED
advancement:dilithium,C18c,advancedrocketrycommunity:classic/dilithium,6.2,"ADR-066 sections 2, 6.2",ADR-066 section 8; actual slice evidence required,ADR-061 / ADR-066 sections 1 and 7.3; NEW or separately approved import only,ADR-066 owning section; accepted ADR-062 deferrals unchanged,PROPOSED; ledger remains PLANNED
advancement:electrifying,C18c,advancedrocketrycommunity:classic/electrolysis,6.2,"ADR-066 sections 2, 6.2",ADR-066 section 8; actual slice evidence required,ADR-061 / ADR-066 sections 1 and 7.3; NEW or separately approved import only,ADR-066 owning section; accepted ADR-062 deferrals unchanged,PROPOSED; ledger remains PLANNED
advancement:feeltheheat,C18c,advancedrocketrycommunity:classic/arc_furnace,6.2,"ADR-066 sections 2, 6.2",ADR-066 section 8; actual slice evidence required,ADR-061 / ADR-066 sections 1 and 7.3; NEW or separately approved import only,ADR-066 owning section; accepted ADR-062 deferrals unchanged,PROPOSED; ledger remains PLANNED
advancement:flightofpheonix,C18c,advancedrocketrycommunity:classic/first_station_warp,6.2,"ADR-066 sections 2, 6.2",ADR-066 section 8; actual slice evidence required,ADR-061 / ADR-066 sections 1 and 7.3; NEW or separately approved import only,ADR-066 owning section; accepted ADR-062 deferrals unchanged,PROPOSED; ledger remains PLANNED
advancement:givingitallshesgot,C18c,advancedrocketrycommunity:classic/station_warp,6.2,"ADR-066 sections 2, 6.2",ADR-066 section 8; actual slice evidence required,ADR-061 / ADR-066 sections 1 and 7.3; NEW or separately approved import only,ADR-066 owning section; accepted ADR-062 deferrals unchanged,PROPOSED; ledger remains PLANNED
advancement:holographic,C18c,advancedrocketrycommunity:classic/formed_multiblock,6.2,"ADR-066 sections 2, 6.2",ADR-066 section 8; actual slice evidence required,ADR-061 / ADR-066 sections 1 and 7.3; NEW or separately approved import only,ADR-066 owning section; accepted ADR-062 deferrals unchanged,PROPOSED; ledger remains PLANNED
advancement:moonlanding,C18c,advancedrocketrycommunity:classic/moon_landing,6.2,"ADR-066 sections 2, 6.2",ADR-066 section 8; actual slice evidence required,ADR-061 / ADR-066 sections 1 and 7.3; NEW or separately approved import only,ADR-066 owning section; accepted ADR-062 deferrals unchanged,PROPOSED; ledger remains PLANNED
advancement:onesmallstep,C18c,advancedrocketrycommunity:classic/one_small_step,6.2,"ADR-066 sections 2, 6.2",ADR-066 section 8; actual slice evidence required,ADR-061 / ADR-066 sections 1 and 7.3; NEW or separately approved import only,ADR-066 owning section; accepted ADR-062 deferrals unchanged,PROPOSED; ledger remains PLANNED
advancement:rollin,C18c,advancedrocketrycommunity:classic/rolling,6.2,"ADR-066 sections 2, 6.2",ADR-066 section 8; actual slice evidence required,ADR-061 / ADR-066 sections 1 and 7.3; NEW or separately approved import only,ADR-066 owning section; accepted ADR-062 deferrals unchanged,PROPOSED; ledger remains PLANNED
advancement:root,C18c,advancedrocketrycommunity:classic/root,6.2,"ADR-066 sections 2, 6.2",ADR-066 section 8; actual slice evidence required,ADR-061 / ADR-066 sections 1 and 7.3; NEW or separately approved import only,ADR-066 owning section; accepted ADR-062 deferrals unchanged,PROPOSED; ledger remains PLANNED
advancement:spindoctor,C18c,advancedrocketrycommunity:classic/lathe,6.2,"ADR-066 sections 2, 6.2",ADR-066 section 8; actual slice evidence required,ADR-061 / ADR-066 sections 1 and 7.3; NEW or separately approved import only,ADR-066 owning section; accepted ADR-062 deferrals unchanged,PROPOSED; ledger remains PLANNED
advancement:suitedup,C18c,advancedrocketrycommunity:classic/suited_up,6.2,"ADR-066 sections 2, 6.2",ADR-066 section 8; actual slice evidence required,ADR-061 / ADR-066 sections 1 and 7.3; NEW or separately approved import only,ADR-066 owning section; accepted ADR-062 deferrals unchanged,PROPOSED; ledger remains PLANNED
advancement:warp,C18c,advancedrocketrycommunity:classic/warp_core,6.2,"ADR-066 sections 2, 6.2",ADR-066 section 8; actual slice evidence required,ADR-061 / ADR-066 sections 1 and 7.3; NEW or separately approved import only,ADR-066 owning section; accepted ADR-062 deferrals unchanged,PROPOSED; ledger remains PLANNED
advancement:wenttothemoon,C18c,advancedrocketrycommunity:classic/moon_surface_visit,6.2,"ADR-066 sections 2, 6.2",ADR-066 section 8; actual slice evidence required,ADR-061 / ADR-066 sections 1 and 7.3; NEW or separately approved import only,ADR-066 owning section; accepted ADR-062 deferrals unchanged,PROPOSED; ledger remains PLANNED
asm_rule:GravityHandler.applyGravity(living),C18a,Forge ENTITY_GRAVITY transient ARCE modifier,3.3,"ADR-066 sections 2, 3.3",ADR-066 section 8; actual slice evidence required,ADR-061 / ADR-066 sections 1 and 7.3; NEW or separately approved import only,ADR-066 owning section; accepted ADR-062 deferrals unchanged,PROPOSED; ledger remains PLANNED
block:airlock_door,C18a,airlock_door,3.2,"ADR-066 sections 2, 3.2",ADR-066 section 8; actual slice evidence required,ADR-061 / ADR-066 sections 1 and 7.3; NEW or separately approved import only,ADR-066 owning section; accepted ADR-062 deferrals unchanged,PROPOSED; ledger remains PLANNED
block:observatory,C18c,observatory,6.1,"ADR-066 sections 2, 6.1",ADR-066 section 8; actual slice evidence required,ADR-061 / ADR-066 sections 1 and 7.3; NEW or separately approved import only,ADR-066 owning section; accepted ADR-062 deferrals unchanged,PROPOSED; ledger remains PLANNED
block:oxygenCharger,C18a,gas_charge_pad,4,"ADR-066 sections 2, 4",ADR-066 section 8; actual slice evidence required,ADR-061 / ADR-066 sections 1 and 7.3; NEW or separately approved import only,ADR-066 owning section; accepted ADR-062 deferrals unchanged,PROPOSED; ledger remains PLANNED
block:oxygenDetection,C18a,atmosphere_detector,3.1,"ADR-066 sections 2, 3.1",ADR-066 section 8; actual slice evidence required,ADR-061 / ADR-066 sections 1 and 7.3; NEW or separately approved import only,ADR-066 owning section; accepted ADR-062 deferrals unchanged,PROPOSED; ledger remains PLANNED
block:oxygenScrubber,C18a,co2_scrubber,3.1,"ADR-066 sections 2, 3.1",ADR-066 section 8; actual slice evidence required,ADR-061 / ADR-066 sections 1 and 7.3; NEW or separately approved import only,ADR-066 owning section; accepted ADR-062 deferrals unchanged,PROPOSED; ledger remains PLANNED
block:pipeSealer,C18a,pipe_seal,3.2,"ADR-066 sections 2, 3.2",ADR-066 section 8; actual slice evidence required,ADR-061 / ADR-066 sections 1 and 7.3; NEW or separately approved import only,ADR-066 owning section; accepted ADR-062 deferrals unchanged,PROPOSED; ledger remains PLANNED
block:planetAnalyser,C18c,astrobody_data_processor,6.1,"ADR-066 sections 2, 6.1",ADR-066 section 8; actual slice evidence required,ADR-061 / ADR-066 sections 1 and 7.3; NEW or separately approved import only,ADR-066 owning section; accepted ADR-062 deferrals unchanged,PROPOSED; ledger remains PLANNED
block:suitWorkStation,C18b,suit_workstation,5.1,"ADR-066 sections 2, 5.1",ADR-066 section 8; actual slice evidence required,ADR-061 / ADR-066 sections 1 and 7.3; NEW or separately approved import only,ADR-066 owning section; accepted ADR-062 deferrals unchanged,PROPOSED; ledger remains PLANNED
block:thermiteTorch,C18a,thermite_torch / thermite_wall_torch,3.2,"ADR-066 sections 2, 3.2",ADR-066 section 8; actual slice evidence required,ADR-061 / ADR-066 sections 1 and 7.3; NEW or separately approved import only,ADR-066 owning section; accepted ADR-062 deferrals unchanged,PROPOSED; ledger remains PLANNED
block:unlitTorch,C18a,unlit_torch / unlit_wall_torch,3.2,"ADR-066 sections 2, 3.2",ADR-066 section 8; actual slice evidence required,ADR-061 / ADR-066 sections 1 and 7.3; NEW or separately approved import only,ADR-066 owning section; accepted ADR-062 deferrals unchanged,PROPOSED; ledger remains PLANNED
command:root/addtorch,C18a,tag:combustion_torches,3.2,"ADR-066 sections 2, 3.2",ADR-066 section 8; actual slice evidence required,ADR-061 / ADR-066 sections 1 and 7.3; NEW or separately approved import only,ADR-066 owning section; accepted ADR-062 deferrals unchanged,PROPOSED; ledger remains PLANNED
config:CATEGORY_GENERAL.jetPackForce,C18b,COMMON equipment.jetPackForce 0.05..4,5.2,"ADR-066 sections 2, 5.2",ADR-066 section 8; actual slice evidence required,ADR-061 / ADR-066 sections 1 and 7.3; NEW or separately approved import only,ADR-066 owning section; accepted ADR-062 deferrals unchanged,PROPOSED; ledger remains PLANNED
config:CATEGORY_GENERAL.lowGravityBoots,C18b,COMMON equipment.lowGravityBoots,5.2,"ADR-066 sections 2, 5.2",ADR-066 section 8; actual slice evidence required,ADR-061 / ADR-066 sections 1 and 7.3; NEW or separately approved import only,ADR-066 owning section; accepted ADR-062 deferrals unchanged,PROPOSED; ledger remains PLANNED
config:CLIENT.advancedVFX,C18d,CLIENT effects.advancedVisuals,7.1 / 7.2,"ADR-066 sections 2, 7.1 / 7.2",ADR-066 section 8; actual slice evidence required,ADR-061 / ADR-066 sections 1 and 7.3; NEW or separately approved import only,ADR-066 owning section; accepted ADR-062 deferrals unchanged,PROPOSED; ledger remains PLANNED
config:CLIENT.atmBarModeX,C18d,CLIENT hud.environment.anchorX,7.2,"ADR-066 sections 2, 7.2",ADR-066 section 8; actual slice evidence required,ADR-061 / ADR-066 sections 1 and 7.3; NEW or separately approved import only,ADR-066 owning section; accepted ADR-062 deferrals unchanged,PROPOSED; ledger remains PLANNED
config:CLIENT.atmBarModeY,C18d,CLIENT hud.environment.anchorY,7.2,"ADR-066 sections 2, 7.2",ADR-066 section 8; actual slice evidence required,ADR-061 / ADR-066 sections 1 and 7.3; NEW or separately approved import only,ADR-066 owning section; accepted ADR-062 deferrals unchanged,PROPOSED; ledger remains PLANNED
config:CLIENT.atmBarX,C18d,CLIENT hud.environment.x,7.2,"ADR-066 sections 2, 7.2",ADR-066 section 8; actual slice evidence required,ADR-061 / ADR-066 sections 1 and 7.3; NEW or separately approved import only,ADR-066 owning section; accepted ADR-062 deferrals unchanged,PROPOSED; ledger remains PLANNED
config:CLIENT.atmBarY,C18d,CLIENT hud.environment.y,7.2,"ADR-066 sections 2, 7.2",ADR-066 section 8; actual slice evidence required,ADR-061 / ADR-066 sections 1 and 7.3; NEW or separately approved import only,ADR-066 owning section; accepted ADR-062 deferrals unchanged,PROPOSED; ledger remains PLANNED
config:CLIENT.EnableAtmosphericNausea,C18b,CLIENT effects.atmosphericNausea,5.2,"ADR-066 sections 2, 5.2",ADR-066 section 8; actual slice evidence required,ADR-061 / ADR-066 sections 1 and 7.3; NEW or separately approved import only,ADR-066 owning section; accepted ADR-062 deferrals unchanged,PROPOSED; ledger remains PLANNED
config:CLIENT.hydrogenBarModeX,C18d,CLIENT hud.hydrogen.anchorX,7.2,"ADR-066 sections 2, 7.2",ADR-066 section 8; actual slice evidence required,ADR-061 / ADR-066 sections 1 and 7.3; NEW or separately approved import only,ADR-066 owning section; accepted ADR-062 deferrals unchanged,PROPOSED; ledger remains PLANNED
config:CLIENT.hydrogenBarModeY,C18d,CLIENT hud.hydrogen.anchorY,7.2,"ADR-066 sections 2, 7.2",ADR-066 section 8; actual slice evidence required,ADR-061 / ADR-066 sections 1 and 7.3; NEW or separately approved import only,ADR-066 owning section; accepted ADR-062 deferrals unchanged,PROPOSED; ledger remains PLANNED
config:CLIENT.hydrogenBarX,C18d,CLIENT hud.hydrogen.x,7.2,"ADR-066 sections 2, 7.2",ADR-066 section 8; actual slice evidence required,ADR-061 / ADR-066 sections 1 and 7.3; NEW or separately approved import only,ADR-066 owning section; accepted ADR-062 deferrals unchanged,PROPOSED; ledger remains PLANNED
config:CLIENT.hydrogenBarY,C18d,CLIENT hud.hydrogen.y,7.2,"ADR-066 sections 2, 7.2",ADR-066 section 8; actual slice evidence required,ADR-061 / ADR-066 sections 1 and 7.3; NEW or separately approved import only,ADR-066 owning section; accepted ADR-062 deferrals unchanged,PROPOSED; ledger remains PLANNED
config:CLIENT.overworldSkyOverride,C18d,CLIENT sky.overworldOverride,7.2,"ADR-066 sections 2, 7.2",ADR-066 section 8; actual slice evidence required,ADR-061 / ADR-066 sections 1 and 7.3; NEW or separately approved import only,ADR-066 owning section; accepted ADR-062 deferrals unchanged,PROPOSED; ledger remains PLANNED
config:CLIENT.oxygenBarModeX,C18d,CLIENT hud.oxygen.anchorX,7.2,"ADR-066 sections 2, 7.2",ADR-066 section 8; actual slice evidence required,ADR-061 / ADR-066 sections 1 and 7.3; NEW or separately approved import only,ADR-066 owning section; accepted ADR-062 deferrals unchanged,PROPOSED; ledger remains PLANNED
config:CLIENT.oxygenBarModeY,C18d,CLIENT hud.oxygen.anchorY,7.2,"ADR-066 sections 2, 7.2",ADR-066 section 8; actual slice evidence required,ADR-061 / ADR-066 sections 1 and 7.3; NEW or separately approved import only,ADR-066 owning section; accepted ADR-062 deferrals unchanged,PROPOSED; ledger remains PLANNED
config:CLIENT.oxygenBarX,C18d,CLIENT hud.oxygen.x,7.2,"ADR-066 sections 2, 7.2",ADR-066 section 8; actual slice evidence required,ADR-061 / ADR-066 sections 1 and 7.3; NEW or separately approved import only,ADR-066 owning section; accepted ADR-062 deferrals unchanged,PROPOSED; ledger remains PLANNED
config:CLIENT.oxygenBarY,C18d,CLIENT hud.oxygen.y,7.2,"ADR-066 sections 2, 7.2",ADR-066 section 8; actual slice evidence required,ADR-061 / ADR-066 sections 1 and 7.3; NEW or separately approved import only,ADR-066 owning section; accepted ADR-062 deferrals unchanged,PROPOSED; ledger remains PLANNED
config:CLIENT.PlanetSkyOverride,C18d,CLIENT sky.planetOverride,7.2,"ADR-066 sections 2, 7.2",ADR-066 section 8; actual slice evidence required,ADR-061 / ADR-066 sections 1 and 7.3; NEW or separately approved import only,ADR-066 owning section; accepted ADR-062 deferrals unchanged,PROPOSED; ledger remains PLANNED
config:CLIENT.StationSkyOverride,C18d,CLIENT sky.stationOverride,7.2,"ADR-066 sections 2, 7.2",ADR-066 section 8; actual slice evidence required,ADR-061 / ADR-066 sections 1 and 7.3; NEW or separately approved import only,ADR-066 owning section; accepted ADR-062 deferrals unchanged,PROPOSED; ledger remains PLANNED
config:CLIENT.suitPanelModeX,C18d,CLIENT hud.suit.anchorX,7.2,"ADR-066 sections 2, 7.2",ADR-066 section 8; actual slice evidence required,ADR-061 / ADR-066 sections 1 and 7.3; NEW or separately approved import only,ADR-066 owning section; accepted ADR-062 deferrals unchanged,PROPOSED; ledger remains PLANNED
config:CLIENT.suitPanelModeY,C18d,CLIENT hud.suit.anchorY,7.2,"ADR-066 sections 2, 7.2",ADR-066 section 8; actual slice evidence required,ADR-061 / ADR-066 sections 1 and 7.3; NEW or separately approved import only,ADR-066 owning section; accepted ADR-062 deferrals unchanged,PROPOSED; ledger remains PLANNED
config:CLIENT.suitPanelX,C18d,CLIENT hud.suit.x,7.2,"ADR-066 sections 2, 7.2",ADR-066 section 8; actual slice evidence required,ADR-061 / ADR-066 sections 1 and 7.3; NEW or separately approved import only,ADR-066 owning section; accepted ADR-062 deferrals unchanged,PROPOSED; ledger remains PLANNED
config:CLIENT.suitPanelY,C18d,CLIENT hud.suit.y,7.2,"ADR-066 sections 2, 7.2",ADR-066 section 8; actual slice evidence required,ADR-061 / ADR-066 sections 1 and 7.3; NEW or separately approved import only,ADR-066 owning section; accepted ADR-062 deferrals unchanged,PROPOSED; ledger remains PLANNED
config:OXYGEN.dropExtinguishedTorches,C18a,COMMON lifeSupport.dropExtinguishedTorches,3.2,"ADR-066 sections 2, 3.2",ADR-066 section 8; actual slice evidence required,ADR-061 / ADR-066 sections 1 and 7.3; NEW or separately approved import only,ADR-066 owning section; accepted ADR-062 deferrals unchanged,PROPOSED; ledger remains PLANNED
config:OXYGEN.entityAtmBypass,C18a,entity_type tag:atmosphere_bypass,3.3,"ADR-066 sections 2, 3.3",ADR-066 section 8; actual slice evidence required,ADR-061 / ADR-066 sections 1 and 7.3; NEW or separately approved import only,ADR-066 owning section; accepted ADR-062 deferrals unchanged,PROPOSED; ledger remains PLANNED
config:OXYGEN.scrubberRequiresCartrige,C18a,COMMON lifeSupport.scrubberRequiresCartridge,3.1 / 9 D5,"ADR-066 sections 2, 3.1 / 9 D5",ADR-066 section 8; actual slice evidence required,ADR-061 / ADR-066 sections 1 and 7.3; NEW or separately approved import only,ADR-066 owning section; accepted ADR-062 deferrals unchanged,PROPOSED; ledger remains PLANNED
config:OXYGEN.spaceSuitO2Buffer,C18b,COMMON equipment.spaceSuitO2Buffer bounded built-in units; D1,5.1 / 9 D1,"ADR-066 sections 2, 5.1 / 9 D1",ADR-066 section 8; actual slice evidence required,ADR-061 / ADR-066 sections 1 and 7.3; NEW or separately approved import only,ADR-066 owning section; accepted ADR-062 deferrals unchanged,PROPOSED; ledger remains PLANNED
config:OXYGEN.suitTankCapacity,C18b,COMMON equipment.suitTankCapacity bounded tank multiplier; D1,5.1 / 9 D1,"ADR-066 sections 2, 5.1 / 9 D1",ADR-066 section 8; actual slice evidence required,ADR-061 / ADR-066 sections 1 and 7.3; NEW or separately approved import only,ADR-066 owning section; accepted ADR-062 deferrals unchanged,PROPOSED; ledger remains PLANNED
config:OXYGEN.torchBlocks,C18a,block tag:combustion_torches,3.2,"ADR-066 sections 2, 3.2",ADR-066 section 8; actual slice evidence required,ADR-061 / ADR-066 sections 1 and 7.3; NEW or separately approved import only,ADR-066 owning section; accepted ADR-062 deferrals unchanged,PROPOSED; ledger remains PLANNED
config:OXYGEN.vacuumDamage,C18a,COMMON lifeSupport.vacuumDamage 0..20,3.3,"ADR-066 sections 2, 3.3",ADR-066 section 8; actual slice evidence required,ADR-061 / ADR-066 sections 1 and 7.3; NEW or separately approved import only,ADR-066 owning section; accepted ADR-062 deferrals unchanged,PROPOSED; ledger remains PLANNED
config:PLANET.allowPlanetRespawn,C18a,COMMON lifeSupport.allowPlanetRespawn,3.3,"ADR-066 sections 2, 3.3",ADR-066 section 8; actual slice evidence required,ADR-061 / ADR-066 sections 1 and 7.3; NEW or separately approved import only,ADR-066 owning section; accepted ADR-062 deferrals unchanged,PROPOSED; ledger remains PLANNED
config:PLANET.forcePlanetRespawn,C18a,COMMON lifeSupport.forcePlanetRespawn,3.3,"ADR-066 sections 2, 3.3",ADR-066 section 8; actual slice evidence required,ADR-061 / ADR-066 sections 1 and 7.3; NEW or separately approved import only,ADR-066 owning section; accepted ADR-062 deferrals unchanged,PROPOSED; ledger remains PLANNED
enchantment:spacebreathing,C18b,enchantment:space_breathing,5.1,"ADR-066 sections 2, 5.1",ADR-066 section 8; actual slice evidence required,ADR-061 / ADR-066 sections 1 and 7.3; NEW or separately approved import only,ADR-066 owning section; accepted ADR-062 deferrals unchanged,PROPOSED; ledger remains PLANNED
entity:ARSpaceElevatorCapsule,C18d,client_effect:elevator_capsule,7.1,"ADR-066 sections 2, 7.1",ADR-066 section 8; actual slice evidence required,ADR-061 / ADR-066 sections 1 and 7.3; NEW or separately approved import only,ADR-066 owning section; accepted ADR-062 deferrals unchanged,PROPOSED; ledger remains PLANNED
event:ClientProxy.modelBakeEvent(ModelBakeEvent),C18d,physical-client approved OBJ/MTL bake,7.1,"ADR-066 sections 2, 7.1",ADR-066 section 8; actual slice evidence required,ADR-061 / ADR-066 sections 1 and 7.3; NEW or separately approved import only,ADR-066 owning section; accepted ADR-062 deferrals unchanged,PROPOSED; ledger remains PLANNED
event:PlanetEventHandler.blockPlacedEvent(PlaceEvent),C18a,combustion_torches placement/invalidation rules,3.2,"ADR-066 sections 2, 3.2",ADR-066 section 8; actual slice evidence required,ADR-061 / ADR-066 sections 1 and 7.3; NEW or separately approved import only,ADR-066 owning section; accepted ADR-062 deferrals unchanged,PROPOSED; ledger remains PLANNED
event:PlanetEventHandler.blockRightClicked(RightClickBlock),C18a,combustion_fire_starters server adjacent-cell validation,3.2,"ADR-066 sections 2, 3.2",ADR-066 section 8; actual slice evidence required,ADR-061 / ADR-066 sections 1 and 7.3; NEW or separately approved import only,ADR-066 owning section; accepted ADR-062 deferrals unchanged,PROPOSED; ledger remains PLANNED
event:PlanetEventHandler.CheckSpawn(CheckSpawn),C18a,bounded actor atmosphere spawn admission,3.3,"ADR-066 sections 2, 3.3",ADR-066 section 8; actual slice evidence required,ADR-061 / ADR-066 sections 1 and 7.3; NEW or separately approved import only,ADR-066 owning section; accepted ADR-062 deferrals unchanged,PROPOSED; ledger remains PLANNED
event:PlanetEventHandler.fallEvent(LivingFallEvent),C18a,ARCE resolved gravity factor once / padded boots,3.3 / 5.2,"ADR-066 sections 2, 3.3 / 5.2",ADR-066 section 8; actual slice evidence required,ADR-061 / ADR-066 sections 1 and 7.3; NEW or separately approved import only,ADR-066 owning section; accepted ADR-062 deferrals unchanged,PROPOSED; ledger remains PLANNED
event:PlanetEventHandler.fogColor(RenderFogEvent),C18b,client profile-density fog / anti_fog_visor,5.2,"ADR-066 sections 2, 5.2",ADR-066 section 8; actual slice evidence required,ADR-061 / ADR-066 sections 1 and 7.3; NEW or separately approved import only,ADR-066 owning section; accepted ADR-062 deferrals unchanged,PROPOSED; ledger remains PLANNED
event:PlanetEventHandler.playerTick(LivingUpdateEvent),C18a,finite underwater oxygen / safe authorized adrift return,3.3,"ADR-066 sections 2, 3.3",ADR-066 section 8; actual slice evidence required,ADR-061 / ADR-066 sections 1 and 7.3; NEW or separately approved import only,ADR-066 owning section; accepted ADR-062 deferrals unchanged,PROPOSED; ledger remains PLANNED
event:PlanetEventHandler.sleepEvent(PlayerSleepInBedEvent),C18a,server breathability sleep admission,3.3,"ADR-066 sections 2, 3.3",ADR-066 section 8; actual slice evidence required,ADR-061 / ADR-066 sections 1 and 7.3; NEW or separately approved import only,ADR-066 owning section; accepted ADR-062 deferrals unchanged,PROPOSED; ledger remains PLANNED
event:RenderComponents.renderPostSpecial(Post),C18d,bounded client equipment attachment render,7.1,"ADR-066 sections 2, 7.1",ADR-066 section 8; actual slice evidence required,ADR-061 / ADR-066 sections 1 and 7.3; NEW or separately approved import only,ADR-066 owning section; accepted ADR-062 deferrals unchanged,PROPOSED; ledger remains PLANNED
event:RocketEventHandler.onScreenRender(Post),C18d,authoritative snapshot rocket HUD,7.1 / 7.2,"ADR-066 sections 2, 7.1 / 7.2",ADR-066 section 8; actual slice evidence required,ADR-061 / ADR-066 sections 1 and 7.3; NEW or separately approved import only,ADR-066 owning section; accepted ADR-062 deferrals unchanged,PROPOSED; ledger remains PLANNED
item:atmAnalyser,C18a,atmosphere_analyzer,3.1,"ADR-066 sections 2, 3.1",ADR-066 section 8; actual slice evidence required,ADR-061 / ADR-066 sections 1 and 7.3; NEW or separately approved import only,ADR-066 owning section; accepted ADR-062 deferrals unchanged,PROPOSED; ledger remains PLANNED
item:basicLaserGun,C18b,basic_laser_gun,5.3,"ADR-066 sections 2, 5.3",ADR-066 section 8; actual slice evidence required,ADR-061 / ADR-066 sections 1 and 7.3; NEW or separately approved import only,ADR-066 owning section; accepted ADR-062 deferrals unchanged,PROPOSED; ledger remains PLANNED
item:carbonScrubberCartridge,C18a,carbon_scrubber_cartridge,3.1,"ADR-066 sections 2, 3.1",ADR-066 section 8; actual slice evidence required,ADR-061 / ADR-066 sections 1 and 7.3; NEW or separately approved import only,ADR-066 owning section; accepted ADR-062 deferrals unchanged,PROPOSED; ledger remains PLANNED
item:jackHammer,C18b,jackhammer,5.3,"ADR-066 sections 2, 5.3",ADR-066 section 8; actual slice evidence required,ADR-061 / ADR-066 sections 1 and 7.3; NEW or separately approved import only,ADR-066 owning section; accepted ADR-062 deferrals unchanged,PROPOSED; ledger remains PLANNED
item:jetPack,C18b,jetpack,5.2,"ADR-066 sections 2, 5.2",ADR-066 section 8; actual slice evidence required,ADR-061 / ADR-066 sections 1 and 7.3; NEW or separately approved import only,ADR-066 owning section; accepted ADR-062 deferrals unchanged,PROPOSED; ledger remains PLANNED
item:sealDetector,C18a,seal_detector,3.1,"ADR-066 sections 2, 3.1",ADR-066 section 8; actual slice evidence required,ADR-061 / ADR-066 sections 1 and 7.3; NEW or separately approved import only,ADR-066 owning section; accepted ADR-062 deferrals unchanged,PROPOSED; ledger remains PLANNED
item:smallAirlockDoor,C18a,airlock_door,3.2,"ADR-066 sections 2, 3.2",ADR-066 section 8; actual slice evidence required,ADR-061 / ADR-066 sections 1 and 7.3; NEW or separately approved import only,ADR-066 owning section; accepted ADR-062 deferrals unchanged,PROPOSED; ledger remains PLANNED
item:thermite,C18a,thermite / tag:dusts/thermite,3.2,"ADR-066 sections 2, 3.2",ADR-066 section 8; actual slice evidence required,ADR-061 / ADR-066 sections 1 and 7.3; NEW or separately approved import only,ADR-066 owning section; accepted ADR-062 deferrals unchanged,PROPOSED; ledger remains PLANNED
item_variant:itemUpgrade/0,C18b,hover_upgrade,5.1 / 5.2,"ADR-066 sections 2, 5.1 / 5.2",ADR-066 section 8; actual slice evidence required,ADR-061 / ADR-066 sections 1 and 7.3; NEW or separately approved import only,ADR-066 owning section; accepted ADR-062 deferrals unchanged,PROPOSED; ledger remains PLANNED
item_variant:itemUpgrade/1,C18b,flight_speed_upgrade,5.1 / 5.2,"ADR-066 sections 2, 5.1 / 5.2",ADR-066 section 8; actual slice evidence required,ADR-061 / ADR-066 sections 1 and 7.3; NEW or separately approved import only,ADR-066 owning section; accepted ADR-062 deferrals unchanged,PROPOSED; ledger remains PLANNED
item_variant:itemUpgrade/2,C18b,bionic_leg_upgrade,5.1 / 5.2,"ADR-066 sections 2, 5.1 / 5.2",ADR-066 section 8; actual slice evidence required,ADR-061 / ADR-066 sections 1 and 7.3; NEW or separately approved import only,ADR-066 owning section; accepted ADR-062 deferrals unchanged,PROPOSED; ledger remains PLANNED
item_variant:itemUpgrade/3,C18b,padded_landing_boots,5.1 / 5.2,"ADR-066 sections 2, 5.1 / 5.2",ADR-066 section 8; actual slice evidence required,ADR-061 / ADR-066 sections 1 and 7.3; NEW or separately approved import only,ADR-066 owning section; accepted ADR-062 deferrals unchanged,PROPOSED; ledger remains PLANNED
item_variant:itemUpgrade/4,C18b,anti_fog_visor,5.1 / 5.2,"ADR-066 sections 2, 5.1 / 5.2",ADR-066 section 8; actual slice evidence required,ADR-061 / ADR-066 sections 1 and 7.3; NEW or separately approved import only,ADR-066 owning section; accepted ADR-062 deferrals unchanged,PROPOSED; ledger remains PLANNED
item_variant:itemUpgrade/5,C18b,earthbright_visor,5.1 / 5.2,"ADR-066 sections 2, 5.1 / 5.2",ADR-066 section 8; actual slice evidence required,ADR-061 / ADR-066 sections 1 and 7.3; NEW or separately approved import only,ADR-066 owning section; accepted ADR-062 deferrals unchanged,PROPOSED; ledger remains PLANNED
item_variant:pressureTank/0,C18b,low_pressure_tank,5.1 / 9 D1,"ADR-066 sections 2, 5.1 / 9 D1",ADR-066 section 8; actual slice evidence required,ADR-061 / ADR-066 sections 1 and 7.3; NEW or separately approved import only,ADR-066 owning section; accepted ADR-062 deferrals unchanged,PROPOSED; ledger remains PLANNED
item_variant:pressureTank/1,C18b,pressure_tank,5.1 / 9 D1,"ADR-066 sections 2, 5.1 / 9 D1",ADR-066 section 8; actual slice evidence required,ADR-061 / ADR-066 sections 1 and 7.3; NEW or separately approved import only,ADR-066 owning section; accepted ADR-062 deferrals unchanged,PROPOSED; ledger remains PLANNED
item_variant:pressureTank/2,C18b,high_pressure_tank,5.1 / 9 D1,"ADR-066 sections 2, 5.1 / 9 D1",ADR-066 section 8; actual slice evidence required,ADR-061 / ADR-066 sections 1 and 7.3; NEW or separately approved import only,ADR-066 owning section; accepted ADR-062 deferrals unchanged,PROPOSED; ledger remains PLANNED
item_variant:pressureTank/3,C18b,super_high_pressure_tank,5.1 / 9 D1,"ADR-066 sections 2, 5.1 / 9 D1",ADR-066 section 8; actual slice evidence required,ADR-061 / ADR-066 sections 1 and 7.3; NEW or separately approved import only,ADR-066 owning section; accepted ADR-062 deferrals unchanged,PROPOSED; ledger remains PLANNED
keybinding:toggleJetpack,C18b,key:jetpack_toggle -> bounded toggle/cycle intent,5.2,"ADR-066 sections 2, 5.2",ADR-066 section 8; actual slice evidence required,ADR-061 / ADR-066 sections 1 and 7.3; NEW or separately approved import only,ADR-066 owning section; accepted ADR-062 deferrals unchanged,PROPOSED; ledger remains PLANNED
material:Thermite,C18a,thermite / tag:dusts/thermite,3.2,"ADR-066 sections 2, 3.2",ADR-066 section 8; actual slice evidence required,ADR-061 / ADR-066 sections 1 and 7.3; NEW or separately approved import only,ADR-066 owning section; accepted ADR-062 deferrals unchanged,PROPOSED; ledger remains PLANNED
packet:PacketLaserGun,C18b,C2S bounded laser-use intent; no target coordinates,5.3,"ADR-066 sections 2, 5.3",ADR-066 section 8; actual slice evidence required,ADR-061 / ADR-066 sections 1 and 7.3; NEW or separately approved import only,ADR-066 owning section; accepted ADR-062 deferrals unchanged,PROPOSED; ledger remains PLANNED
sound_event:airHissLoop,C18d,sound_event:air_hiss_loop,7.1 / 7.3,"ADR-066 sections 2, 7.1 / 7.3",ADR-066 section 8; actual slice evidence required,ADR-061 / ADR-066 sections 1 and 7.3; NEW or separately approved import only,ADR-066 owning section; accepted ADR-062 deferrals unchanged,PROPOSED; ledger remains PLANNED
sound_event:basicLaserGun,C18d,sound_event:basic_laser_gun,7.1 / 7.3,"ADR-066 sections 2, 7.1 / 7.3",ADR-066 section 8; actual slice evidence required,ADR-061 / ADR-066 sections 1 and 7.3; NEW or separately approved import only,ADR-066 owning section; accepted ADR-062 deferrals unchanged,PROPOSED; ledger remains PLANNED
sound_event:combustionRocket,C18d,sound_event:combustion_rocket,7.1 / 7.3,"ADR-066 sections 2, 7.1 / 7.3",ADR-066 section 8; actual slice evidence required,ADR-061 / ADR-066 sections 1 and 7.3; NEW or separately approved import only,ADR-066 owning section; accepted ADR-062 deferrals unchanged,PROPOSED; ledger remains PLANNED
sound_event:ElectricShockSmall,C18d,sound_event:electric_shock_small,7.1 / 7.3,"ADR-066 sections 2, 7.1 / 7.3",ADR-066 section 8; actual slice evidence required,ADR-061 / ADR-066 sections 1 and 7.3; NEW or separately approved import only,ADR-066 owning section; accepted ADR-062 deferrals unchanged,PROPOSED; ledger remains PLANNED
sound_event:gravityOhhh,C18d,sound_event:gravity_controller,7.1 / 7.3,"ADR-066 sections 2, 7.1 / 7.3",ADR-066 section 8; actual slice evidence required,ADR-061 / ADR-066 sections 1 and 7.3; NEW or separately approved import only,ADR-066 owning section; accepted ADR-062 deferrals unchanged,PROPOSED; ledger remains PLANNED
sound_event:laserDrill,C18d,sound_event:laser_drill,7.1 / 7.3,"ADR-066 sections 2, 7.1 / 7.3",ADR-066 section 8; actual slice evidence required,ADR-061 / ADR-066 sections 1 and 7.3; NEW or separately approved import only,ADR-066 owning section; accepted ADR-062 deferrals unchanged,PROPOSED; ledger remains PLANNED
sound_event:lathe,C18d,sound_event:lathe,7.1 / 7.3,"ADR-066 sections 2, 7.1 / 7.3",ADR-066 section 8; actual slice evidence required,ADR-061 / ADR-066 sections 1 and 7.3; NEW or separately approved import only,ADR-066 owning section; accepted ADR-062 deferrals unchanged,PROPOSED; ledger remains PLANNED
sound_event:MachineLarge,C18d,sound_event:machine_large,7.1 / 7.3,"ADR-066 sections 2, 7.1 / 7.3",ADR-066 section 8; actual slice evidence required,ADR-061 / ADR-066 sections 1 and 7.3; NEW or separately approved import only,ADR-066 owning section; accepted ADR-062 deferrals unchanged,PROPOSED; ledger remains PLANNED
sound_event:railgunBang,C18d,sound_event:railgun_bang,7.1 / 7.3,"ADR-066 sections 2, 7.1 / 7.3",ADR-066 section 8; actual slice evidence required,ADR-061 / ADR-066 sections 1 and 7.3; NEW or separately approved import only,ADR-066 owning section; accepted ADR-062 deferrals unchanged,PROPOSED; ledger remains PLANNED
sound_event:rollingMachine,C18d,sound_event:rolling_machine,7.1 / 7.3,"ADR-066 sections 2, 7.1 / 7.3",ADR-066 section 8; actual slice evidence required,ADR-061 / ADR-066 sections 1 and 7.3; NEW or separately approved import only,ADR-066 owning section; accepted ADR-062 deferrals unchanged,PROPOSED; ledger remains PLANNED
