elapsed_seconds,client_id,latency_ms
0.19,1,12.489
0.19,2,2.866
0.19,3,2.992
0.19,4,2.816
15.017,1,15.734
15.017,2,15.806
15.017,3,2.535
15.017,4,2.174
30.027,1,2.83
30.027,2,2.398
30.027,3,11.046
30.027,4,25.962
45.005,1,4.218
45.005,2,4.267
45.005,3,2.717
45.005,4,2.671
60.019,1,2.941
60.019,2,2.977
60.019,3,2.806
60.019,4,17.974
75.016,1,3.113
75.016,2,15.057
75.016,3,2.37
75.016,4,2.443
90.024,1,23.664
90.024,2,2.223
90.024,3,23.282
90.024,4,22.71
105.018,1,2.973
105.018,2,3.908
105.018,3,2.575
105.018,4,17.347
120.024,1,3.3
120.024,2,2.918
120.024,3,22.757
120.024,4,22.451
135.022,1,3.618
135.022,2,21.558
135.022,3,2.351
135.022,4,1.839
150.027,1,1.199
150.027,2,25.727
150.027,3,25.603
150.027,4,0.849
165.018,1,1.541
165.018,2,16.986
165.018,3,1.137
165.018,4,16.94
180.003,1,1.468
180.003,2,2.089
180.003,3,0.897
180.003,4,1.095
195.002,1,1.214
195.002,2,1.137
195.002,3,1.411
195.002,4,0.868
210.017,1,15.92
210.017,2,0.99
210.017,3,1.006
210.017,4,15.065
225.025,1,1.242
225.025,2,24.25
225.025,3,24.282
225.025,4,1.603
240.022,1,1.363
240.022,2,20.316
240.022,3,1.22
240.022,4,20.233
255.015,1,14.141
255.015,2,14.402
255.015,3,14.108
255.015,4,14.046
270.021,1,20.16
270.021,2,20.119
270.021,3,19.838
270.021,4,19.817
285.024,1,1.623
285.024,2,23.204
285.024,3,1.131
285.024,4,1.457
300.02,1,1.301
300.02,2,1.285
300.02,3,19.121
300.02,4,18.72
315.002,1,1.226
315.002,2,1.162
315.002,3,1.03
315.002,4,0.689
330.025,1,1.469
330.025,2,1.42
330.025,3,1.237
330.025,4,23.275
345.003,1,1.194
345.003,2,1.272
345.003,3,1.004
345.003,4,1.441
360.025,1,1.186
360.025,2,23.602
360.025,3,23.373
360.025,4,0.721
375.003,1,1.281
375.003,2,1.349
375.003,3,0.893
375.003,4,0.783
390.026,1,1.202
390.026,2,1.117
390.026,3,1.66
390.026,4,25.456
405.002,1,1.282
405.002,2,1.093
405.002,3,0.919
405.002,4,0.854
420.025,1,23.957
420.025,2,23.944
420.025,3,23.566
420.025,4,1.079
435.012,1,1.225
435.012,2,1.2
435.012,3,1.169
435.012,4,11.179
450.025,1,23.957
450.025,2,24.079
450.025,3,0.716
450.025,4,23.636
465.021,1,2.038
465.021,2,1.56
465.021,3,19.408
465.021,4,19.8
480.023,1,22.182
480.023,2,1.007
480.023,3,21.546
480.023,4,19.247
495.026,1,1.754
495.026,2,24.812
495.026,3,1.53
495.026,4,24.302
510.017,1,1.366
510.017,2,16.108
510.017,3,1.002
510.017,4,15.644
525.016,1,1.331
525.016,2,14.844
525.016,3,1.018
525.016,4,1.129
540.026,1,1.338
540.026,2,1.133
540.026,3,24.983
540.026,4,1.298
555.018,1,1.119
555.018,2,1.211
555.018,3,17.264
555.018,4,17.355
570.02,1,1.227
570.02,2,1.014
570.02,3,18.532
570.02,4,18.76
585.003,1,1.463
585.003,2,1.713
585.003,3,1.52
585.003,4,1.661
600.019,1,17.966
600.019,2,1.218
600.019,3,0.974
600.019,4,17.399
615.019,1,18.237
615.019,2,1.259
615.019,3,1.417
615.019,4,0.903
630.014,1,1.231
630.014,2,1.177
630.014,3,13.146
630.014,4,0.673
645.012,1,11.051
645.012,2,11.106
645.012,3,0.814
645.012,4,0.736
660.02,1,18.681
660.02,2,1.025
660.02,3,0.956
660.02,4,17.871
675.026,1,1.189
675.026,2,0.978
675.026,3,24.419
675.026,4,0.878
690.003,1,1.461
690.003,2,1.287
690.003,3,1.367
690.003,4,1.396
705.022,1,21.334
705.022,2,21.324
705.022,3,1.241
705.022,4,0.761
720.019,1,18.588
720.019,2,1.462
720.019,3,1.129
720.019,4,1.153
735.015,1,13.981
735.015,2,1.582
735.015,3,1.133
735.015,4,13.01
750.017,1,15.234
750.017,2,0.846
750.017,3,14.673
750.017,4,0.468
765.026,1,24.82
765.026,2,24.881
765.026,3,25.073
765.026,4,1.301
780.025,1,1.386
780.025,2,1.003
780.025,3,1.088
780.025,4,23.757
795.019,1,1.374
795.019,2,17.856
795.019,3,1.318
795.019,4,17.458
810.02,1,18.425
810.02,2,17.713
810.02,3,18.564
810.02,4,17.98
825.014,1,13.519
825.014,2,13.296
825.014,3,1.352
825.014,4,12.798
840.004,1,1.722
840.004,2,1.211
840.004,3,1.292
840.004,4,1.386
855.016,1,1.113
855.016,2,1.511
855.016,3,1.212
855.016,4,14.544
870.003,1,1.422
870.003,2,1.171
870.003,3,1.027
870.003,4,0.552
885.003,1,1.501
885.003,2,0.968
885.003,3,1.042
885.003,4,0.618
900.016,1,1.427
900.016,2,15.309
900.016,3,1.154
900.016,4,15.345
915.002,1,1.07
915.002,2,1.252
915.002,3,1.009
915.002,4,1.093
930.028,1,1.15
930.028,2,27.105
930.028,3,25.878
930.028,4,2.403
945.027,1,25.698
945.027,2,1.077
945.027,3,0.746
945.027,4,25.334
960.012,1,11.299
960.012,2,11.248
960.012,3,11.238
960.012,4,0.817
975.021,1,19.529
975.021,2,19.312
975.021,3,19.267
975.021,4,19.275
990.024,1,23.47
990.024,2,1.234
990.024,3,1.244
990.024,4,23.108
1005.021,1,19.178
1005.021,2,19.115
1005.021,3,19.066
1005.021,4,18.382
1020.004,1,2.882
1020.004,2,3.052
1020.004,3,2.817
1020.004,4,2.401
1035.017,1,1.362
1035.017,2,0.994
1035.017,3,0.922
1035.017,4,15.767
1050.017,1,0.978
1050.017,2,16.535
1050.017,3,0.842
1050.017,4,15.674
1065.002,1,1.089
1065.002,2,1.095
1065.002,3,1.388
1065.002,4,0.714
1080.002,1,1.435
1080.002,2,0.87
1080.002,3,0.839
1080.002,4,0.866
1095.026,1,1.325
1095.026,2,0.975
1095.026,3,24.706
1095.026,4,24.201
1110.003,1,1.096
1110.003,2,0.962
1110.003,3,1.707
1110.003,4,0.639
1125.024,1,23.388
1125.024,2,0.863
1125.024,3,0.891
1125.024,4,22.739
1140.014,1,1.054
1140.014,2,13.172
1140.014,3,0.669
1140.014,4,12.892
1155.002,1,1.023
1155.002,2,1.038
1155.002,3,1.375
1155.002,4,0.622
1170.014,1,1.143
1170.015,2,13.673
1170.015,3,1.062
1170.015,4,0.835
1185.017,1,1.04
1185.017,2,14.656
1185.017,3,0.746
1185.017,4,0.642
1200.002,1,0.881
1200.002,2,1.139
1200.002,3,0.793
1200.002,4,1.152
1215.002,1,1.095
1215.002,2,1.062
1215.002,3,1.685
1215.002,4,1.237
1230.023,1,1.227
1230.023,2,1.018
1230.023,3,22.753
1230.023,4,0.764
1245.003,1,1.219
1245.003,2,1.187
1245.003,3,0.608
1245.003,4,0.797
1260.012,1,1.097
1260.012,2,1.126
1260.012,3,11.112
1260.012,4,11.052
1275.018,1,1.18
1275.018,2,16.311
1275.018,3,1.319
1275.018,4,16.148
1290.013,1,12.363
1290.013,2,0.991
1290.013,3,0.97
1290.013,4,11.724
1305.02,1,18.865
1305.02,2,19.074
1305.02,3,19.041
1305.02,4,0.738
1320.021,1,1.263
1320.021,2,1.47
1320.021,3,1.269
1320.021,4,20.239
1335.023,1,1.138
1335.023,2,1.164
1335.023,3,22.194
1335.023,4,0.668
1350.003,1,1.707
1350.003,2,1.553
1350.003,3,0.973
1350.003,4,0.944
1365.002,1,1.611
1365.002,2,1.472
1365.002,3,1.13
1365.002,4,0.951
1380.021,1,0.905
1380.021,2,0.797
1380.021,3,0.611
1380.021,4,19.009
1395.012,1,11.477
1395.012,2,11.252
1395.012,3,0.742
1395.012,4,10.691
1410.028,1,1.036
1410.028,2,0.927
1410.028,3,0.804
1410.028,4,26.263
1425.023,1,1.196
1425.023,2,1.17
1425.023,3,0.934
1425.023,4,20.743
1440.02,1,1.153
1440.02,2,18.372
1440.02,3,18.354
1440.02,4,0.551
1455.02,1,1.14
1455.02,2,1.199
1455.02,3,1.077
1455.02,4,19.067
1470.002,1,1.082
1470.002,2,1.175
1470.002,3,0.89
1470.002,4,1.083
1485.014,1,13.752
1485.014,2,1.117
1485.014,3,1.267
1485.015,4,1.034
1500.013,1,11.904
1500.013,2,0.895
1500.013,3,0.648
1500.013,4,0.689
1515.021,1,19.681
1515.021,2,0.819
1515.021,3,0.606
1515.021,4,0.622
1530.002,1,1.149
1530.002,2,0.909
1530.002,3,0.766
1530.002,4,0.442
1545.015,1,1.196
1545.015,2,1.004
1545.015,3,0.942
1545.015,4,13.576
1560.024,1,0.971
1560.024,2,0.97
1560.024,3,22.512
1560.024,4,22.583
1575.002,1,1.13
1575.002,2,1.148
1575.002,3,1.145
1575.002,4,0.518
1590.02,1,19.808
1590.021,2,19.567
1590.021,3,19.574
1590.021,4,19.427
1605.021,1,0.944
1605.021,2,0.991
1605.021,3,0.726
1605.021,4,19.057
1620.019,1,1.019
1620.019,2,0.727
1620.019,3,0.696
1620.019,4,17.789
1635.023,1,1.024
1635.023,2,1.028
1635.023,3,21.498
1635.023,4,0.836
1650.017,1,1.093
1650.017,2,1.069
1650.017,3,0.949
1650.017,4,15.59
1665.024,1,23.392
1665.024,2,23.345
1665.024,3,23.144
1665.024,4,0.466
1680.014,1,1.089
1680.014,2,0.897
1680.014,3,0.844
1680.014,4,12.158
1695.025,1,1.004
1695.025,2,24.505
1695.025,3,24.404
1695.025,4,24.233
1710.025,1,23.972
1710.025,2,23.981
1710.025,3,0.767
1710.025,4,23.784
1725.02,1,19.021
1725.02,2,19.256
1725.02,3,0.579
1725.02,4,18.281
1740.019,1,1.007
1740.019,2,0.861
1740.019,3,0.867
1740.019,4,17.141
1755.02,1,1.175
1755.02,2,0.984
1755.02,3,1.032
1755.02,4,18.31
1770.02,1,0.856
1770.02,2,18.637
1770.02,3,0.594
1770.02,4,0.408
1785.002,1,1.059
1785.002,2,0.709
1785.002,3,1.04
1785.002,4,0.523
1800.005,1,0.867
1800.005,2,0.832
1800.005,3,3.271
1800.005,4,0.472
1815.002,1,1.191
1815.002,2,0.862
1815.002,3,0.93
1815.002,4,0.98
1830.014,1,13.342
1830.014,2,12.943
1830.014,3,0.696
1830.014,4,0.69
1845.018,1,16.925
1845.018,2,16.503
1845.018,3,0.624
1845.018,4,15.957
1860.023,1,21.748
1860.023,2,22.069
1860.023,3,21.71
1860.023,4,21.835
1875.024,1,23.14
1875.024,2,22.88
1875.024,3,0.843
1875.024,4,22.408
1890.015,1,1.144
1890.015,2,13.988
1890.015,3,0.85
1890.015,4,13.382
1905.024,1,1.169
1905.024,2,1.207
1905.024,3,1.436
1905.024,4,22.166
1920.016,1,1.426
1920.016,2,0.98
1920.016,3,0.926
1920.016,4,14.901
1935.024,1,23.466
1935.024,2,23.464
1935.024,3,0.913
1935.024,4,1.52
1950.017,1,1.004
1950.017,2,1.027
1950.017,3,0.77
1950.017,4,15.534
1965.016,1,0.968
1965.016,2,0.922
1965.016,3,14.671
1965.016,4,0.948
1980.002,1,1.642
1980.002,2,0.743
1980.002,3,1.035
1980.002,4,1.127
1995.003,1,1.521
1995.003,2,0.893
1995.003,3,1.526
1995.003,4,0.827
2010.002,1,0.847
2010.002,2,0.855
2010.002,3,1.129
2010.002,4,0.44
2025.026,1,0.977
2025.026,2,1.044
2025.026,3,0.88
2025.026,4,24.454
2040.016,1,1.04
2040.016,2,15.447
2040.016,3,0.706
2040.016,4,15.141
2055.023,1,0.912
2055.023,2,0.911
2055.023,3,21.676
2055.023,4,0.654
2070.02,1,1.082
2070.02,2,18.735
2070.02,3,1.011
2070.02,4,0.906
2085.012,1,1.127
2085.012,2,0.832
2085.012,3,0.709
2085.012,4,10.42
2100.018,1,0.864
2100.018,2,0.877
2100.018,3,1.266
2100.018,4,16.132
2115.013,1,1.053
2115.013,2,1.042
2115.013,3,0.962
2115.013,4,11.773
2130.012,1,11.393
2130.012,2,0.947
2130.012,3,0.945
2130.012,4,1.21
2145.019,1,18.412
2145.019,2,0.742
2145.019,3,17.548
2145.019,4,0.408
2160.002,1,1.048
2160.002,2,0.94
2160.002,3,1.255
2160.002,4,0.493
2175.02,1,0.89
2175.02,2,0.619
2175.02,3,18.694
2175.02,4,0.535
2190.017,1,0.935
2190.017,2,0.73
2190.017,3,0.517
2190.017,4,15.849
2205.014,1,0.755
2205.014,2,0.705
2205.014,3,0.58
2205.014,4,12.849
2220.023,1,0.944
2220.023,2,22.448
2220.023,3,0.757
2220.023,4,0.52
2235.015,1,13.942
2235.015,2,13.978
2235.015,3,13.998
2235.015,4,0.63
2250.002,1,0.801
2250.002,2,0.714
2250.002,3,0.606
2250.002,4,0.436
2265.023,1,0.957
2265.023,2,22.12
2265.023,3,21.582
2265.023,4,0.42
2280.027,1,0.957
2280.027,2,0.921
2280.027,3,10.521
2280.027,4,25.59
2295.025,1,0.962
2295.025,2,0.79
2295.025,3,23.268
2295.025,4,23.173
2310.003,1,1.089
2310.003,2,1.52
2310.003,3,1.751
2310.003,4,1.208
2325.003,1,1.11
2325.003,2,1.05
2325.003,3,1.277
2325.003,4,1.464
2340.027,1,1.047
2340.027,2,1.118
2340.027,3,0.938
2340.027,4,25.748
2355.02,1,19.622
2355.02,2,0.721
2355.02,3,19.062
2355.02,4,0.509
2370.003,1,1.286
2370.003,2,0.717
2370.003,3,1.121
2370.003,4,0.868
2385.018,1,17.267
2385.018,2,17.37
2385.018,3,0.523
2385.018,4,16.687
2400.024,1,23.191
2400.024,2,23.129
2400.024,3,0.593
2400.024,4,23.093
2415.015,1,0.919
2415.015,2,14.134
2415.015,3,13.97
2415.015,4,0.591
2430.021,1,1.226
2430.021,2,1.364
2430.021,3,0.889
2430.021,4,18.943
2445.013,1,0.919
2445.013,2,0.6
2445.013,3,11.928
2445.013,4,0.517
2460.014,1,0.82
2460.014,2,0.881
2460.014,3,13.553
2460.014,4,0.585
2475.025,1,24.084
2475.025,2,23.714
2475.025,3,0.584
2475.025,4,22.942
2490.017,1,0.914
2490.017,2,0.872
2490.017,3,0.907
2490.017,4,15.31
2505.02,1,0.811
2505.02,2,19.648
2505.02,3,19.207
2505.02,4,0.596
2520.002,1,0.993
2520.002,2,0.643
2520.002,3,0.975
2520.002,4,0.638
2535.002,1,0.874
2535.002,2,0.789
2535.002,3,0.772
2535.002,4,0.519
2550.002,1,1.054
2550.002,2,0.774
2550.002,3,0.594
2550.002,4,0.545
2565.019,1,1.055
2565.019,2,1.104
2565.019,3,18.084
2565.019,4,1.111
2580.012,1,1.067
2580.012,2,0.72
2580.012,3,0.644
2580.012,4,10.277
2595.002,1,1.151
2595.002,2,0.666
2595.002,3,0.385
2595.002,4,0.628
2610.015,1,0.871
2610.015,2,14.366
2610.015,3,0.64
2610.015,4,0.633
2625.022,1,1.098
2625.022,2,0.781
2625.022,3,21.086
2625.022,4,0.926
2640.017,1,15.741
2640.017,2,15.717
2640.017,3,15.259
2640.017,4,15.296
2655.015,1,14.101
2655.015,2,0.771
2655.015,3,0.596
2655.015,4,0.54
2670.003,1,0.83
2670.003,2,2.041
2670.003,3,2.044
2670.003,4,2.117
2685.002,1,0.967
2685.002,2,1.123
2685.002,3,1.263
2685.002,4,0.696
2700.002,1,0.859
2700.002,2,1.289
2700.002,3,0.786
2700.002,4,0.804
2715.002,1,0.803
2715.002,2,0.778
2715.002,3,0.755
2715.002,4,0.628
2730.021,1,20.274
2730.021,2,0.966
2730.021,3,1.036
2730.021,4,0.666
2745.002,1,0.853
2745.002,2,0.998
2745.002,3,1.249
2745.002,4,0.667
2760.016,1,1.214
2760.016,2,14.561
2760.016,3,14.664
2760.016,4,14.028
2775.017,1,1.108
2775.017,2,0.898
2775.017,3,0.859
2775.017,4,13.688
2790.002,1,0.978
2790.002,2,0.965
2790.002,3,0.896
2790.002,4,0.961
2805.013,1,1.16
2805.013,2,1.147
2805.013,3,10.996
2805.013,4,11.529
2820.011,1,0.887
2820.011,2,0.913
2820.011,3,10.013
2820.011,4,0.526
2835.002,1,1.036
2835.002,2,0.854
2835.002,3,1.173
2835.002,4,0.789
2850.016,1,0.932
2850.016,2,0.888
2850.016,3,0.763
2850.016,4,13.978
2865.017,1,15.875
2865.017,2,0.776
2865.017,3,0.689
2865.017,4,0.603
2880.002,1,1.513
2880.002,2,0.857
2880.002,3,0.502
2880.002,4,1.091
2895.027,1,26.505
2895.027,2,0.751
2895.027,3,26.032
2895.027,4,25.893
2910.018,1,16.643
2910.018,2,1.052
2910.018,3,0.986
2910.018,4,16.188
2925.013,1,11.758
2925.013,2,11.564
2925.013,3,0.708
2925.013,4,0.687
2940.026,1,1.275
2940.026,2,0.66
2940.026,3,0.629
2940.026,4,24.809
2955.021,1,19.763
2955.021,2,0.556
2955.021,3,19.105
2955.021,4,19.196
2970.017,1,0.795
2970.017,2,0.821
2970.017,3,14.84
2970.017,4,0.556
2985.002,1,0.935
2985.002,2,0.998
2985.002,3,1.13
2985.002,4,0.809
3000.026,1,25.224
3000.026,2,0.81
3000.026,3,0.788
3000.026,4,0.755
3015.013,1,11.55
3015.013,2,11.954
3015.013,3,0.568
3015.013,4,0.49
3030.02,1,19.623
3030.02,2,19.254
3030.02,3,19.251
3030.02,4,0.602
3045.027,1,0.946
3045.027,2,0.91
3045.027,3,26.078
3045.027,4,0.599
3060.018,1,1.343
3060.018,2,0.914
3060.018,3,15.898
3060.018,4,15.202
3075.021,1,0.968
3075.021,2,1.212
3075.021,3,20.049
3075.021,4,19.326
3090.017,1,0.952
3090.017,2,0.932
3090.017,3,0.881
3090.017,4,14.981
3105.025,1,0.958
3105.025,2,0.75
3105.025,3,23.43
3105.025,4,22.939
3120.012,1,0.963
3120.012,2,0.723
3120.012,3,10.603
3120.012,4,10.694
3135.013,1,1.046
3135.013,2,0.807
3135.013,3,11.383
3135.013,4,11.481
3150.023,1,22.315
3150.023,2,21.936
3150.023,3,22.476
3150.023,4,21.942
3165.002,1,1.04
3165.002,2,1.339
3165.002,3,0.828
3165.002,4,0.929
3180.002,1,0.971
3180.002,2,0.881
3180.002,3,0.648
3180.002,4,0.733
3195.022,1,0.839
3195.022,2,0.744
3195.022,3,20.602
3195.022,4,20.471
3210.002,1,0.94
3210.002,2,0.631
3210.002,3,0.603
3210.002,4,0.601
3225.02,1,0.789
3225.02,2,19.466
3225.02,3,0.627
3225.02,4,0.389
3240.002,1,0.949
3240.002,2,0.714
3240.002,3,0.715
3240.002,4,0.561
3255.002,1,0.931
3255.002,2,1.147
3255.002,3,0.676
3255.002,4,0.641
3270.026,1,1.01
3270.026,2,0.778
3270.026,3,24.461
3270.026,4,23.91
3285.014,1,13.329
3285.014,2,1.087
3285.014,3,0.917
3285.014,4,0.512
3300.018,1,17.111
3300.018,2,17.359
3300.018,3,0.698
3300.018,4,0.68
3315.018,1,16.722
3315.018,2,0.818
3315.018,3,0.783
3315.018,4,0.501
3330.019,1,18.666
3330.019,2,0.725
3330.019,3,0.621
3330.019,4,0.548
3345.024,1,0.966
3345.024,2,23.114
3345.024,3,22.737
3345.024,4,22.477
3360.026,1,25.414
3360.026,2,0.864
3360.026,3,24.941
3360.026,4,0.717
3375.015,1,0.833
3375.015,2,14.077
3375.015,3,0.854
3375.015,4,0.537
3390.004,1,1.197
3390.004,2,1.241
3390.004,3,0.836
3390.004,4,0.891
3405.015,1,0.873
3405.016,2,0.549
3405.016,3,13.973
3405.016,4,14.13
3420.019,1,0.991
3420.019,2,0.958
3420.019,3,0.63
3420.019,4,17.984
3435.002,1,0.922
3435.002,2,0.904
3435.002,3,0.913
3435.002,4,0.502
3450.002,1,1.414
3450.002,2,1.051
3450.002,3,0.678
3450.002,4,1.109
3465.012,1,11.033
3465.012,2,10.744
3465.012,3,0.581
3465.012,4,0.615
3480.014,1,0.922
3480.014,2,0.801
3480.014,3,0.815
3480.014,4,13.405
3495.023,1,1.19
3495.023,2,1.241
3495.023,3,0.494
3495.023,4,20.994
3510.002,1,1.064
3510.002,2,0.779
3510.002,3,0.85
3510.002,4,0.834
3525.015,1,14.186
3525.015,2,0.845
3525.015,3,0.632
3525.015,4,0.653
3540.021,1,19.697
3540.021,2,0.678
3540.021,3,19.61
3540.021,4,19.751
3555.015,1,0.849
3555.015,2,0.597
3555.015,3,14.005
3555.015,4,0.549
3570.019,1,0.823
3570.019,2,0.849
3570.019,3,17.134
3570.019,4,17.238
3585.018,1,17.519
3585.018,2,0.684
3585.018,3,16.846
3585.018,4,0.675
3600.026,1,0.797
3600.026,2,0.791
3600.026,3,25.23
3600.026,4,0.56
3615.02,1,1.132
3615.02,2,18.586
3615.02,3,0.742
3615.02,4,18.39
3630.023,1,22.252
3630.023,2,0.669
3630.023,3,0.645
3630.023,4,0.582
3645.002,1,0.832
3645.002,2,0.818
3645.002,3,0.687
3645.002,4,0.573
3660.022,1,0.893
3660.022,2,20.953
3660.022,3,20.43
3660.022,4,0.413
3675.003,1,1.0
3675.003,2,1.228
3675.003,3,1.095
3675.003,4,0.866
3690.022,1,20.241
3690.022,2,20.24
3690.022,3,20.389
3690.022,4,0.483
3705.018,1,1.08
3705.018,2,0.8
3705.018,3,17.252
3705.018,4,0.419
3720.015,1,0.837
3720.015,2,0.924
3720.015,3,0.993
3720.015,4,13.709
3735.012,1,11.405
3735.012,2,11.139
3735.012,3,0.67
3735.012,4,0.424
3750.012,1,0.903
3750.012,2,11.146
3750.012,3,0.747
3750.012,4,10.916
3765.02,1,19.431
3765.02,2,19.159
3765.02,3,0.596
3765.02,4,0.556
3780.019,1,0.78
3780.019,2,0.694
3780.019,3,17.648
3780.019,4,0.49
3795.002,1,0.91
3795.002,2,1.038
3795.002,3,0.705
3795.002,4,0.955
3810.018,1,0.891
3810.018,2,17.466
3810.018,3,0.607
3810.018,4,1.248
3825.012,1,1.65
3825.012,2,0.857
3825.012,3,0.776
3825.012,4,9.919
3840.021,1,20.193
3840.021,2,19.991
3840.021,3,0.598
3840.021,4,19.677
3855.014,1,1.087
3855.014,2,12.098
3855.014,3,1.208
3855.014,4,0.46
3870.023,1,22.47
3870.023,2,22.077
3870.023,3,22.092
3870.023,4,21.946
3885.024,1,1.016
3885.024,2,23.155
3885.024,3,0.576
3885.024,4,0.629
3900.002,1,0.852
3900.003,2,0.769
3900.003,3,0.683
3900.003,4,0.527
3915.013,1,1.164
3915.013,2,0.78
3915.013,3,12.174
3915.013,4,0.627
3930.002,1,1.125
3930.002,2,0.839
3930.002,3,0.777
3930.002,4,0.8
3945.021,1,1.011
3945.021,2,20.091
3945.021,3,0.446
3945.021,4,0.543
3960.014,1,0.978
3960.014,2,0.801
3960.014,3,0.629
3960.014,4,13.158
3975.003,1,1.034
3975.003,2,0.7
3975.003,3,1.172
3975.003,4,1.26
3990.023,1,22.202
3990.023,2,0.671
3990.023,3,0.574
3990.023,4,21.562
4005.002,1,0.792
4005.002,2,0.749
4005.002,3,0.597
4005.002,4,0.447
4020.002,1,0.982
4020.002,2,0.797
4020.002,3,0.845
4020.002,4,0.618
4035.002,1,0.967
4035.002,2,0.594
4035.002,3,0.79
4035.002,4,0.459
4050.002,1,1.077
4050.002,2,1.1
4050.002,3,0.756
4050.002,4,0.875
4065.003,1,0.958
4065.003,2,0.759
4065.003,3,1.528
4065.003,4,0.64
4080.002,1,0.893
4080.002,2,0.733
4080.002,3,1.032
4080.002,4,0.449
4095.014,1,0.948
4095.014,2,12.626
4095.014,3,12.188
4095.014,4,0.659
4110.002,1,1.086
4110.002,2,1.218
4110.002,3,0.605
4110.002,4,0.469
4125.027,1,1.115
4125.027,2,0.617
4125.027,3,25.582
4125.027,4,0.817
4140.003,1,1.433
4140.003,2,0.838
4140.003,3,0.792
4140.003,4,0.788
4155.024,1,0.855
4155.024,2,0.599
4155.024,3,0.813
4155.024,4,22.7
4170.002,1,1.008
4170.002,2,0.826
4170.002,3,1.292
4170.002,4,0.642
4185.02,1,19.026
4185.02,2,19.342
4185.02,3,18.469
4185.02,4,18.928
4200.017,1,15.0
4200.017,2,0.714
4200.017,3,0.837
4200.017,4,0.883
4215.014,1,13.764
4215.014,2,0.643
4215.014,3,0.937
4215.014,4,1.017
4230.015,1,1.286
4230.015,2,1.059
4230.015,3,0.768
4230.015,4,13.831
4245.026,1,1.063
4245.026,2,24.529
4245.026,3,0.9
4245.026,4,0.945
4260.002,1,1.126
4260.002,2,1.156
4260.002,3,0.767
4260.002,4,0.831
4275.027,1,0.835
4275.027,2,0.945
4275.027,3,0.797
4275.027,4,25.178
4290.017,1,0.876
4290.017,2,1.13
4290.017,3,15.501
4290.017,4,0.589
4305.002,1,0.758
4305.002,2,0.653
4305.002,3,0.667
4305.002,4,0.603
4320.017,1,0.888
4320.017,2,15.308
4320.017,3,14.789
4320.017,4,0.477
4335.02,1,0.847
4335.02,2,18.642
4335.02,3,18.628
4335.02,4,17.868
4350.022,1,0.913
4350.022,2,0.921
4350.022,3,20.258
4350.022,4,19.574
4365.026,1,25.209
4365.026,2,0.881
4365.026,3,24.872
4365.026,4,0.372
4380.02,1,18.991
4380.02,2,19.134
4380.02,3,19.454
4380.02,4,18.123
4395.012,1,11.725
4395.012,2,11.322
4395.012,3,11.443
4395.012,4,11.746
4410.013,1,1.166
4410.013,2,0.856
4410.013,3,12.025
4410.013,4,0.44
4425.002,1,1.056
4425.002,2,0.97
4425.002,3,0.702
4425.002,4,0.5
4440.002,1,1.095
4440.002,2,0.921
4440.002,3,0.934
4440.002,4,0.939
4455.016,1,0.897
4455.016,2,14.693
4455.016,3,14.478
4455.016,4,14.449
4470.002,1,0.953
4470.002,2,0.765
4470.002,3,0.982
4470.002,4,0.899
4485.016,1,0.938
4485.016,2,1.417
4485.016,3,1.009
4485.016,4,0.456
4500.003,1,1.073
4500.003,2,0.782
4500.003,3,1.453
4500.003,4,0.639
4515.002,1,1.408
4515.002,2,1.125
4515.002,3,1.104
4515.002,4,0.582
4530.002,1,0.912
4530.002,2,0.674
4530.002,3,0.953
4530.002,4,0.668
4545.021,1,1.139
4545.021,2,0.843
4545.021,3,0.784
4545.021,4,20.208
4560.018,1,0.989
4560.018,2,1.005
4560.018,3,17.226
4560.018,4,0.625
4575.013,1,12.74
4575.013,2,12.455
4575.013,3,0.611
4575.013,4,12.189
4590.018,1,17.079
4590.018,2,1.0
4590.018,3,0.712
4590.018,4,16.457
4605.002,1,1.406
4605.002,2,0.859
4605.002,3,1.299
4605.002,4,1.296
4620.002,1,0.959
4620.002,2,1.066
4620.002,3,0.751
4620.002,4,0.876
4635.014,1,13.184
4635.014,2,12.866
4635.014,3,12.985
4635.014,4,0.589
4650.024,1,0.825
4650.024,2,23.365
4650.024,3,22.655
4650.024,4,0.517
4665.003,1,1.016
4665.003,2,0.711
4665.003,3,0.936
4665.003,4,0.504
4680.027,1,0.994
4680.027,2,0.946
4680.027,3,0.536
4680.027,4,25.395
4695.002,1,0.962
4695.002,2,0.949
4695.002,3,0.815
4695.002,4,0.587
4710.012,1,0.953
4710.012,2,10.843
4710.012,3,0.784
4710.012,4,0.476
4725.002,1,1.081
4725.002,2,0.741
4725.002,3,0.721
4725.002,4,0.457
4740.017,1,16.028
4740.017,2,15.443
4740.017,3,15.422
4740.017,4,15.351
4755.002,1,0.866
4755.002,2,0.983
4755.002,3,1.184
4755.002,4,0.889
4770.003,1,1.194
4770.003,2,0.848
4770.003,3,0.857
4770.003,4,1.284
4785.018,1,16.869
4785.018,2,16.616
4785.018,3,0.467
4785.018,4,0.925
4800.024,1,23.263
4800.024,2,0.674
4800.024,3,22.892
4800.024,4,0.482
4815.002,1,0.94
4815.002,2,0.93
4815.002,3,0.845
4815.002,4,0.453
4830.002,1,1.08
4830.002,2,1.204
4830.002,3,0.715
4830.002,4,1.028
4845.018,1,17.738
4845.018,2,17.404
4845.018,3,0.683
4845.018,4,17.378
4860.023,1,1.149
4860.023,2,0.83
4860.023,3,0.79
4860.023,4,22.297
4875.019,1,0.906
4875.019,2,0.97
4875.019,3,0.743
4875.019,4,17.142
4890.022,1,21.628
4890.022,2,0.792
4890.022,3,20.901
4890.022,4,0.675
4905.012,1,0.971
4905.012,2,11.713
4905.012,3,0.905
4905.012,4,0.969
4920.019,1,18.185
4920.019,2,18.16
4920.019,3,18.198
4920.019,4,17.686
4935.023,1,22.268
4935.023,2,22.339
4935.023,3,22.007
4935.023,4,0.66
4950.025,1,1.158
4950.025,2,0.889
4950.025,3,0.973
4950.025,4,23.907
4965.023,1,22.167
4965.023,2,21.981
4965.023,3,0.632
4965.023,4,0.496
4980.002,1,1.128
4980.002,2,0.956
4980.002,3,0.617
4980.002,4,0.935
4995.002,1,0.968
4995.002,2,0.984
4995.002,3,0.83
4995.002,4,0.864
5010.021,1,19.915
5010.021,2,19.666
5010.021,3,0.518
5010.021,4,0.485
5025.017,1,1.033
5025.017,2,0.735
5025.017,3,15.912
5025.017,4,0.646
5040.002,1,0.988
5040.002,2,0.761
5040.002,3,1.151
5040.002,4,0.563
5055.013,1,12.424
5055.013,2,0.682
5055.013,3,0.677
5055.013,4,0.586
5070.002,1,0.99
5070.002,2,0.668
5070.002,3,1.34
5070.002,4,0.977
5085.023,1,22.439
5085.023,2,22.644
5085.023,3,22.407
5085.023,4,21.911
5100.02,1,19.687
5100.02,2,19.768
5100.02,3,19.26
5100.02,4,0.54
5115.003,1,0.988
5115.003,2,1.14
5115.003,3,1.921
5115.003,4,1.141
5130.002,1,1.056
5130.002,2,0.712
5130.002,3,0.695
5130.002,4,0.534
5145.016,1,14.672
5145.016,2,0.872
5145.016,3,1.038
5145.016,4,0.492
5160.025,1,24.41
5160.025,2,24.45
5160.025,3,0.804
5160.025,4,0.516
5175.016,1,0.838
5175.016,2,14.788
5175.016,3,0.69
5175.016,4,14.556
5190.014,1,0.893
5190.014,2,0.742
5190.014,3,0.649
5190.014,4,12.126
5205.002,1,1.048
5205.002,2,0.826
5205.002,3,1.019
5205.002,4,0.74
5220.002,1,0.908
5220.002,2,0.897
5220.002,3,0.966
5220.002,4,0.775
5235.002,1,0.889
5235.002,2,0.858
5235.002,3,0.896
5235.002,4,0.627
5250.003,1,0.87
5250.003,2,0.87
5250.003,3,1.433
5250.003,4,0.598
5265.018,1,1.641
5265.018,2,0.908
5265.018,3,1.284
5265.018,4,16.586
5280.014,1,0.876
5280.014,2,12.999
5280.014,3,12.724
5280.014,4,0.538
5295.021,1,20.403
5295.021,2,20.236
5295.021,3,20.012
5295.021,4,19.304
5310.015,1,1.267
5310.015,2,13.831
5310.015,3,13.855
5310.015,4,0.775
5325.002,1,0.917
5325.002,2,0.879
5325.002,3,0.867
5325.002,4,0.669
5340.011,1,1.098
5340.011,2,10.272
5340.011,3,0.798
5340.011,4,0.769
5355.018,1,17.301
5355.018,2,16.985
5355.018,3,17.074
5355.018,4,16.704
5370.002,1,0.788
5370.002,2,0.668
5370.002,3,0.817
5370.002,4,0.468
5385.02,1,0.906
5385.02,2,0.937
5385.02,3,0.97
5385.02,4,18.073
5400.002,1,0.86
5400.002,2,1.324
5400.002,3,0.687
5400.002,4,0.543
5415.018,1,16.845
5415.018,2,0.879
5415.018,3,0.606
5415.018,4,16.335
5430.027,1,0.972
5430.027,2,0.645
5430.027,3,0.718
5430.027,4,25.181
5445.012,1,1.298
5445.012,2,10.71
5445.012,3,0.829
5445.012,4,0.77
5460.014,1,1.091
5460.014,2,1.143
5460.014,3,1.273
5460.014,4,12.848
5475.017,1,0.895
5475.017,2,0.863
5475.017,3,1.186
5475.017,4,15.583
5490.021,1,20.669
5490.021,2,0.766
5490.021,3,0.6
5490.021,4,0.478
5505.004,1,0.805
5505.004,2,0.828
5505.004,3,0.771
5505.004,4,1.561
5520.002,1,1.009
5520.002,2,0.691
5520.002,3,0.589
5520.002,4,0.497
5535.003,1,0.929
5535.003,2,0.747
5535.003,3,1.245
5535.003,4,1.322
5550.016,1,0.81
5550.016,2,15.078
5550.016,3,0.512
5550.016,4,14.692
5565.002,1,0.777
5565.002,2,0.788
5565.002,3,0.811
5565.002,4,0.995
5580.003,1,0.822
5580.003,2,0.799
5580.003,3,0.635
5580.003,4,0.681
5595.02,1,19.233
5595.02,2,0.873
5595.02,3,18.835
5595.02,4,0.521
5610.02,1,0.858
5610.02,2,0.676
5610.02,3,19.3
5610.02,4,19.287
5625.019,1,17.606
5625.019,2,17.828
5625.019,3,17.106
5625.019,4,1.339
5640.017,1,0.957
5640.017,2,0.673
5640.017,3,0.806
5640.017,4,14.427
5655.017,1,0.739
5655.017,2,0.874
5655.017,3,15.476
5655.017,4,0.567
5670.024,1,23.117
5670.024,2,22.858
5670.024,3,0.735
5670.024,4,1.011
5685.002,1,0.857
5685.002,2,0.964
5685.002,3,0.911
5685.002,4,0.433
5700.022,1,0.83
5700.022,2,0.763
5700.022,3,21.286
5700.022,4,21.003
5715.02,1,1.017
5715.02,2,0.763
5715.02,3,18.715
5715.02,4,18.183
5730.023,1,0.956
5730.023,2,0.954
5730.023,3,21.469
5730.023,4,0.506
5745.002,1,1.171
5745.002,2,0.833
5745.002,3,0.434
5745.002,4,0.468
5760.003,1,1.215
5760.003,2,1.381
5760.003,3,1.695
5760.003,4,0.589
5775.018,1,17.258
5775.018,2,0.576
5775.018,3,0.881
5775.018,4,0.776
5790.002,1,1.237
5790.002,2,0.709
5790.002,3,0.7
5790.002,4,0.906
5805.02,1,1.272
5805.02,2,19.487
5805.02,3,0.89
5805.02,4,18.511
5820.016,1,0.884
5820.016,2,0.75
5820.016,3,14.255
5820.016,4,13.832
5835.012,1,11.53
5835.012,2,1.053
5835.012,3,11.278
5835.012,4,0.726
5850.018,1,0.883
5850.018,2,0.631
5850.018,3,16.443
5850.018,4,15.904
5865.002,1,0.889
5865.002,2,0.86
5865.002,3,1.355
5865.002,4,0.69
5880.019,1,0.976
5880.019,2,0.748
5880.019,3,0.804
5880.019,4,17.711
5895.019,1,0.922
5895.019,2,0.836
5895.019,3,17.868
5895.019,4,0.587
5910.002,1,0.818
5910.002,2,1.23
5910.002,3,1.222
5910.002,4,0.652
5925.002,1,0.773
5925.002,2,0.834
5925.002,3,0.708
5925.002,4,0.613
5940.024,1,22.929
5940.024,2,22.522
5940.024,3,0.582
5940.024,4,0.497
5955.022,1,21.253
5955.022,2,20.823
5955.022,3,20.428
5955.022,4,20.538
5970.019,1,17.986
5970.019,2,0.503
5970.019,3,0.497
5970.019,4,0.517
5985.016,1,0.977
5985.016,2,15.214
5985.016,3,15.225
5985.016,4,0.654
6000.018,1,17.272
6000.018,2,16.962
6000.018,3,0.59
6000.018,4,16.828
6015.003,1,0.909
6015.003,2,0.692
6015.003,3,0.855
6015.003,4,0.73
6030.018,1,16.873
6030.018,2,17.083
6030.018,3,16.653
6030.018,4,16.124
6045.002,1,0.897
6045.002,2,1.271
6045.002,3,0.95
6045.002,4,0.619
6060.026,1,1.028
6060.026,2,0.819
6060.026,3,24.565
6060.026,4,24.704
6075.015,1,14.109
6075.015,2,0.706
6075.015,3,0.703
6075.015,4,13.743
6090.022,1,0.884
6090.022,2,0.88
6090.022,3,21.171
6090.022,4,0.947
6105.023,1,22.208
6105.023,2,0.683
6105.023,3,0.595
6105.023,4,0.524
6120.025,1,0.919
6120.025,2,0.795
6120.025,3,23.964
6120.025,4,23.677
6135.002,1,0.936
6135.002,2,0.939
6135.002,3,0.653
6135.002,4,0.535
6150.015,1,0.912
6150.015,2,0.707
6150.015,3,14.372
6150.015,4,14.24
6165.002,1,0.897
6165.002,2,0.643
6165.002,3,0.662
6165.002,4,0.503
6180.021,1,1.461
6180.021,2,20.097
6180.021,3,0.727
6180.021,4,0.454
6195.015,1,0.947
6195.015,2,0.737
6195.015,3,12.822
6195.015,4,0.643
6210.022,1,21.116
6210.022,2,0.82
6210.022,3,21.121
6210.022,4,0.596
6225.002,1,1.249
6225.002,2,1.04
6225.002,3,0.862
6225.002,4,0.679
6240.023,1,21.682
6240.023,2,21.725
6240.023,3,0.544
6240.023,4,21.255
6255.002,1,0.936
6255.002,2,0.932
6255.002,3,1.195
6255.002,4,1.164
6270.022,1,0.869
6270.022,2,0.94
6270.022,3,0.904
6270.022,4,20.427
6285.002,1,1.149
6285.002,2,0.692
6285.002,3,1.009
6285.002,4,0.495
6300.002,1,0.91
6300.002,2,0.776
6300.002,3,0.882
6300.002,4,0.877
6315.02,1,0.736
6315.02,2,18.319
6315.02,3,0.944
6315.02,4,0.591
6330.019,1,0.74
6330.019,2,18.545
6330.019,3,0.556
6330.019,4,0.518
6345.021,1,21.095
6345.022,2,0.764
6345.022,3,20.758
6345.022,4,0.508
6360.002,1,1.159
6360.002,2,1.137
6360.002,3,0.869
6360.002,4,0.952
6375.024,1,22.96
6375.024,2,0.793
6375.024,3,22.982
6375.024,4,22.504
6390.002,1,1.096
6390.002,2,0.916
6390.002,3,1.164
6390.002,4,1.536
6405.015,1,13.871
6405.015,2,13.9
6405.015,3,13.927
6405.015,4,0.544
6420.018,1,0.72
6420.018,2,0.658
6420.018,3,0.737
6420.018,4,17.164
6435.021,1,0.821
6435.021,2,0.876
6435.021,3,19.87
6435.021,4,0.717
6450.012,1,11.212
6450.012,2,0.892
6450.012,3,1.319
6450.012,4,0.436
6465.018,1,16.814
6465.018,2,0.892
6465.018,3,0.603
6465.018,4,16.417
6480.02,1,0.924
6480.02,2,0.648
6480.02,3,19.038
6480.02,4,18.919
6495.027,1,0.944
6495.027,2,0.794
6495.027,3,0.947
6495.027,4,25.139
6510.024,1,0.784
6510.024,2,22.941
6510.024,3,22.625
6510.024,4,0.441
6525.002,1,0.95
6525.002,2,0.979
6525.002,3,0.967
6525.002,4,0.792
6540.023,1,1.484
6540.023,2,22.263
6540.023,3,0.752
6540.023,4,0.434
6555.02,1,19.194
6555.02,2,0.801
6555.02,3,0.905
6555.02,4,0.638
6570.002,1,1.065
6570.002,2,1.09
6570.002,3,0.831
6570.002,4,1.161
6585.002,1,1.042
6585.002,2,0.855
6585.002,3,0.986
6585.002,4,0.898
6600.013,1,12.608
6600.013,2,0.777
6600.013,3,0.844
6600.013,4,0.69
6615.027,1,0.923
6615.027,2,0.913
6615.027,3,1.15
6615.027,4,25.243
6630.002,1,1.022
6630.002,2,0.796
6630.002,3,0.711
6630.002,4,0.504
6645.012,1,0.871
6645.012,2,0.914
6645.012,3,11.317
6645.012,4,0.371
6660.016,1,13.89
6660.016,2,0.822
6660.016,3,0.956
6660.016,4,0.858
6675.002,1,0.869
6675.002,2,0.864
6675.002,3,0.866
6675.002,4,0.525
6690.002,1,1.51
6690.002,2,0.713
6690.002,3,0.837
6690.002,4,0.564
6705.022,1,21.245
6705.022,2,21.505
6705.022,3,20.96
6705.022,4,20.773
6720.026,1,24.82
6720.026,2,24.978
6720.026,3,25.052
6720.026,4,24.638
6735.011,1,10.257
6735.011,2,0.667
6735.011,3,0.471
6735.011,4,9.619
6750.011,1,10.485
6750.011,2,10.198
6750.011,3,0.552
6750.011,4,0.6
6765.015,1,13.634
6765.015,2,13.601
6765.015,3,0.591
6765.015,4,12.799
6780.026,1,0.898
6780.026,2,0.813
6780.026,3,0.795
6780.026,4,25.169
6795.026,1,25.298
6795.026,2,25.281
6795.026,3,25.189
6795.026,4,0.405
6810.002,1,0.879
6810.002,2,0.861
6810.002,3,0.628
6810.002,4,0.672
6825.002,1,0.831
6825.002,2,0.934
6825.002,3,0.526
6825.002,4,0.663
6840.002,1,1.418
6840.003,2,0.647
6840.003,3,1.328
6840.003,4,0.439
6855.023,1,1.088
6855.023,2,0.772
6855.023,3,22.154
6855.023,4,21.143
6870.013,1,11.944
6870.013,2,0.782
6870.013,3,11.368
6870.013,4,0.684
6885.024,1,23.332
6885.024,2,22.649
6885.024,3,22.301
6885.024,4,0.51
6900.002,1,1.0
6900.002,2,1.039
6900.002,3,0.833
6900.002,4,0.732
6915.02,1,0.876
6915.02,2,0.768
6915.02,3,0.721
6915.02,4,18.972
6930.002,1,1.405
6930.002,2,1.187
6930.002,3,0.433
6930.002,4,0.688
6945.002,1,1.031
6945.002,2,0.708
6945.002,3,0.683
6945.002,4,0.471
6960.016,1,14.33
6960.016,2,14.127
6960.016,3,13.643
6960.016,4,0.539
6975.02,1,0.965
6975.02,2,1.362
6975.02,3,18.844
6975.02,4,0.429
6990.017,1,15.531
6990.017,2,15.259
6990.017,3,0.662
6990.017,4,0.642
7005.023,1,1.38
7005.023,2,0.922
7005.023,3,22.117
7005.023,4,0.561
7020.027,1,26.066
7020.027,2,0.787
7020.027,3,0.53
7020.027,4,0.913
7035.02,1,2.788
7035.02,2,2.693
7035.02,3,2.523
7035.02,4,16.952
7050.003,1,0.858
7050.003,2,1.149
7050.003,3,1.45
7050.003,4,0.534
7065.002,1,1.014
7065.002,2,0.847
7065.002,3,0.846
7065.002,4,0.534
7080.012,1,11.477
7080.012,2,11.566
7080.012,3,11.156
7080.012,4,11.173
7095.017,1,14.883
7095.017,2,14.504
7095.017,3,14.482
7095.017,4,14.327
7110.027,1,1.26
7110.027,2,25.677
7110.027,3,0.808
7110.027,4,0.879
7125.002,1,0.874
7125.002,2,0.877
7125.002,3,0.886
7125.002,4,0.886
7140.013,1,0.884
7140.014,2,0.862
7140.014,3,12.109
7140.014,4,0.467
7155.019,1,0.914
7155.019,2,0.978
7155.019,3,18.232
7155.019,4,17.892
7170.021,1,0.855
7170.021,2,0.919
7170.021,3,0.739
7170.021,4,20.279
7185.002,1,0.962
7185.002,2,0.877
7185.002,3,0.696
7185.002,4,0.776
