elapsed_seconds,tick_ms,tps,rss_bytes,process_cpu_seconds,normalized_cpu_percent,old_generation_percent,young_gc_count,full_gc_count,gc_time_seconds
0.537,1.639,20.0,1520971776,107.344,0.146,76.41,54.0,0.0,0.404
30.39,1.691,20.0,1555677184,108.469,0.188,42.22,55.0,0.0,0.416
60.336,1.821,20.0,1590611968,109.672,0.201,76.52,56.0,0.0,0.428
90.371,1.462,20.0,1604317184,111.578,0.317,77.47,57.0,0.0,0.431
120.437,1.595,20.0,1640902656,112.562,0.164,77.47,57.0,0.0,0.431
150.389,1.496,20.0,1657958400,113.781,0.203,69.42,58.0,0.0,0.438
180.337,1.389,20.0,1658052608,114.422,0.107,77.22,60.0,0.0,0.447
210.351,1.519,20.0,1658351616,115.203,0.13,77.22,60.0,0.0,0.447
240.383,1.337,20.0,1659260928,116.219,0.169,78.14,61.0,0.0,0.452
270.404,1.388,20.0,1660682240,116.953,0.122,78.14,61.0,0.0,0.452
300.397,1.457,20.0,1660723200,117.703,0.125,78.26,63.0,0.0,0.46
330.389,1.404,20.0,1661501440,118.422,0.12,78.26,63.0,0.0,0.46
360.453,1.481,20.0,1661992960,119.594,0.195,78.84,64.0,0.0,0.465
390.406,1.294,20.0,1662349312,120.312,0.12,78.84,64.0,0.0,0.465
420.389,1.367,20.0,1662881792,120.969,0.109,79.0,66.0,0.0,0.475
450.449,1.388,20.0,1662828544,121.609,0.107,79.0,66.0,0.0,0.475
480.415,1.468,20.0,1663418368,122.781,0.196,79.4,67.0,0.0,0.481
510.318,1.36,20.0,1663377408,123.422,0.107,79.4,67.0,0.0,0.481
540.419,1.345,20.0,1664888832,124.359,0.156,79.41,69.0,0.0,0.497
570.399,1.346,20.0,1665191936,124.922,0.094,79.41,69.0,0.0,0.497
600.337,1.379,20.0,1665699840,125.547,0.104,79.41,69.0,0.0,0.497
630.33,1.415,20.0,1665921024,126.547,0.167,79.61,70.0,0.0,0.502
660.339,1.385,20.0,1665904640,127.266,0.12,31.76,71.0,0.0,0.505
690.365,1.496,20.0,1667031040,128.078,0.135,79.46,72.0,0.0,0.509
720.311,1.374,20.0,1667399680,128.797,0.12,79.46,72.0,0.0,0.509
750.364,1.382,20.0,1668800512,130.094,0.216,79.76,73.0,0.0,0.522
780.375,1.396,20.0,1668923392,130.922,0.138,31.63,74.0,0.0,0.526
810.396,1.476,20.0,1669476352,131.578,0.109,79.68,75.0,0.0,0.53
840.332,1.367,20.0,1665478656,132.656,0.18,80.75,76.0,0.0,0.538
870.467,1.619,20.0,1665421312,133.375,0.119,80.75,76.0,0.0,0.538
900.353,1.476,20.0,1666330624,134.016,0.107,80.07,78.0,0.0,0.544
930.344,1.628,20.0,1668161536,134.781,0.128,80.07,78.0,0.0,0.544
960.347,1.472,20.0,1662173184,136.016,0.206,81.37,79.0,0.0,0.55
990.393,1.518,20.0,1662046208,136.828,0.135,81.37,79.0,0.0,0.55
1020.361,1.419,20.0,1662205952,137.531,0.117,79.84,81.0,0.0,0.558
1050.365,1.361,20.0,1662263296,138.234,0.117,79.84,81.0,0.0,0.558
1080.351,1.484,20.0,1654644736,139.062,0.138,81.37,82.0,0.0,0.566
1110.355,1.544,20.0,1654652928,139.734,0.112,81.37,82.0,0.0,0.566
1140.316,1.355,20.0,1655144448,140.406,0.112,80.18,84.0,0.0,0.574
1170.374,1.658,20.0,1655410688,141.203,0.133,80.18,84.0,0.0,0.574
1200.45,1.38,20.0,1652367360,142.234,0.171,80.83,85.0,0.0,0.581
1230.435,1.44,20.0,1653587968,143.047,0.135,80.83,85.0,0.0,0.581
1260.344,1.387,20.0,1653796864,143.672,0.104,80.16,87.0,0.0,0.591
1290.361,1.338,20.0,1654087680,144.438,0.128,80.16,87.0,0.0,0.591
1320.403,1.366,20.0,1654153216,145.141,0.117,80.18,88.0,0.0,0.596
1350.346,1.434,20.0,1654218752,146.219,0.18,80.18,88.0,0.0,0.596
1380.371,1.36,20.0,1654222848,146.859,0.107,31.28,89.0,0.0,0.598
1410.41,1.47,20.0,1654288384,147.516,0.109,79.93,90.0,0.0,0.604
1440.32,1.409,20.0,1654714368,148.172,0.11,79.93,90.0,0.0,0.604
1470.329,1.368,20.0,1647144960,149.156,0.164,81.48,91.0,0.0,0.609
1500.331,1.354,20.0,1647308800,149.734,0.096,81.48,91.0,0.0,0.609
1530.322,1.318,20.0,1647628288,150.406,0.112,80.13,93.0,0.0,0.62
1560.388,1.404,20.0,1647722496,151.031,0.104,80.13,93.0,0.0,0.62
1590.339,1.384,20.0,1647947776,152.188,0.193,80.15,94.0,0.0,0.628
1620.464,1.321,20.0,1647947776,152.812,0.104,80.15,94.0,0.0,0.628
1650.334,1.258,20.0,1647947776,153.594,0.131,31.3,95.0,0.0,0.632
1680.349,1.338,20.0,1647947776,154.219,0.104,79.93,96.0,0.0,0.639
1710.388,1.433,20.0,1648017408,155.062,0.14,79.93,96.0,0.0,0.639
1740.334,1.34,20.0,1645240320,156.016,0.159,80.59,97.0,0.0,0.644
1770.376,1.32,20.0,1645240320,156.781,0.127,80.59,97.0,0.0,0.644
1800.327,1.326,20.0,1645199360,157.375,0.099,80.04,99.0,0.0,0.652
1830.364,1.356,20.0,1645641728,158.0,0.104,80.04,99.0,0.0,0.652
1860.416,1.245,20.0,1645727744,159.141,0.19,80.09,100.0,0.0,0.657
1890.321,1.336,20.0,1645731840,159.844,0.118,80.09,100.0,0.0,0.657
1920.331,1.392,20.0,1645867008,160.656,0.135,79.93,102.0,0.0,0.666
1950.382,1.436,20.0,1645879296,161.297,0.107,79.93,102.0,0.0,0.666
1980.4,1.377,20.0,1641545728,161.984,0.115,80.81,103.0,0.0,0.673
2010.324,1.305,20.0,1642082304,162.688,0.117,80.81,103.0,0.0,0.673
2040.332,1.285,20.0,1642090496,163.531,0.141,31.36,104.0,0.0,0.675
2070.351,1.336,20.0,1643495424,164.062,0.088,80.27,105.0,0.0,0.681
2100.351,1.315,20.0,1643618304,164.547,0.081,80.27,105.0,0.0,0.681
2130.328,1.287,20.0,1640505344,165.391,0.141,80.95,106.0,0.0,0.686
2160.335,1.281,20.0,1640505344,166.047,0.109,80.95,106.0,0.0,0.686
2190.333,1.338,20.0,1640558592,166.516,0.078,80.41,108.0,0.0,0.694
2220.419,1.312,20.0,1640558592,167.156,0.106,80.41,108.0,0.0,0.694
2250.446,1.296,20.0,1640579072,168.062,0.151,80.42,109.0,0.0,0.701
2280.41,1.239,20.0,1640579072,168.453,0.065,80.42,109.0,0.0,0.701
2310.359,1.282,20.0,1640579072,169.109,0.11,80.25,111.0,0.0,0.705
2340.419,1.207,20.0,1640710144,169.578,0.078,80.25,111.0,0.0,0.705
2370.338,1.336,20.0,1640710144,170.297,0.12,80.25,111.0,0.0,0.705
2400.388,1.271,20.0,1640710144,171.188,0.148,80.26,112.0,0.0,0.711
2430.337,1.437,20.0,1641635840,171.953,0.128,80.26,112.0,0.0,0.711
2460.305,1.403,20.0,1641705472,172.578,0.104,80.21,114.0,0.0,0.716
2490.365,1.396,20.0,1641545728,173.234,0.109,80.21,114.0,0.0,0.716
2520.339,1.24,20.0,1638436864,174.266,0.172,80.88,115.0,0.0,0.721
2550.329,1.274,20.0,1638662144,174.828,0.094,80.88,115.0,0.0,0.721
2580.33,1.303,20.0,1638662144,175.484,0.109,80.4,117.0,0.0,0.728
2610.335,1.26,20.0,1638662144,176.172,0.115,80.4,117.0,0.0,0.728
2640.337,1.348,20.0,1638858752,177.125,0.159,80.4,118.0,0.0,0.734
2670.331,1.308,20.0,1638858752,177.641,0.086,80.4,118.0,0.0,0.734
2700.384,1.315,20.0,1639018496,178.5,0.143,80.36,120.0,0.0,0.74
2730.452,1.715,20.0,1639063552,179.297,0.133,80.36,120.0,0.0,0.74
2760.349,1.381,20.0,1639063552,180.328,0.172,80.36,121.0,0.0,0.747
2790.307,1.29,20.0,1639018496,180.891,0.094,80.36,121.0,0.0,0.747
2820.329,1.234,20.0,1639018496,181.469,0.096,80.33,123.0,0.0,0.753
2850.427,1.202,20.0,1639018496,182.031,0.093,80.33,123.0,0.0,0.753
2880.338,1.408,20.0,1639018496,182.875,0.141,80.34,124.0,0.0,0.758
2910.333,1.252,20.0,1639084032,183.219,0.057,80.34,124.0,0.0,0.758
2940.407,1.26,20.0,1639084032,183.844,0.104,80.3,126.0,0.0,0.765
2970.448,1.682,20.0,1639219200,184.594,0.125,80.3,126.0,0.0,0.765
3000.393,1.191,20.0,1639219200,185.188,0.099,80.3,126.0,0.0,0.765
3030.386,1.263,20.0,1639374848,185.969,0.13,80.09,127.0,0.0,0.771
3060.354,1.22,20.0,1639374848,186.531,0.094,80.09,127.0,0.0,0.771
3090.333,1.154,20.0,1639350272,187.062,0.089,80.3,129.0,0.0,0.777
3120.436,1.302,20.0,1639350272,187.641,0.096,80.3,129.0,0.0,0.777
3150.387,1.311,20.0,1639350272,188.391,0.125,80.3,130.0,0.0,0.783
3180.338,1.357,20.0,1639350272,189.0,0.102,80.3,130.0,0.0,0.783
3210.342,1.424,20.0,1639350272,189.562,0.094,80.3,132.0,0.0,0.789
3240.352,1.406,20.0,1639350272,190.125,0.094,80.3,132.0,0.0,0.789
3270.377,1.281,20.0,1639362560,190.953,0.138,80.3,133.0,0.0,0.796
3300.335,1.588,20.0,1639362560,191.5,0.091,80.3,133.0,0.0,0.796
3330.337,1.26,20.0,1639407616,192.141,0.107,80.3,135.0,0.0,0.799
3360.404,1.163,20.0,1639407616,192.672,0.088,80.3,135.0,0.0,0.799
3390.332,1.195,20.0,1639362560,193.266,0.099,80.3,135.0,0.0,0.799
3420.369,1.441,20.0,1639362560,194.0,0.122,80.3,136.0,0.0,0.805
3450.337,1.344,20.0,1639522304,194.672,0.112,80.3,136.0,0.0,0.805
3480.346,1.262,20.0,1639526400,195.328,0.109,80.26,138.0,0.0,0.811
3510.316,1.213,20.0,1639526400,196.094,0.128,80.26,138.0,0.0,0.811
3540.385,1.189,20.0,1639571456,197.031,0.156,80.26,139.0,0.0,0.817
3570.333,1.296,20.0,1639571456,197.469,0.073,80.26,139.0,0.0,0.817
3600.391,1.185,20.0,1639591936,198.219,0.125,80.28,141.0,0.0,0.822
3630.389,1.26,20.0,1639591936,198.797,0.096,80.28,141.0,0.0,0.822
3660.45,1.319,20.0,1639591936,199.344,0.091,80.28,141.0,0.0,0.822
3690.385,1.225,20.0,1639591936,200.078,0.123,80.28,142.0,0.0,0.827
3720.338,1.176,20.0,1639591936,200.578,0.083,80.28,142.0,0.0,0.827
3750.331,1.251,20.0,1639591936,201.188,0.102,80.28,144.0,0.0,0.833
3780.354,1.374,20.0,1639591936,201.812,0.104,80.28,144.0,0.0,0.833
3810.35,1.314,20.0,1639657472,202.859,0.175,80.28,145.0,0.0,0.838
3840.385,1.258,20.0,1639768064,203.391,0.088,80.28,145.0,0.0,0.838
3870.398,1.153,20.0,1639768064,203.844,0.075,80.28,147.0,0.0,0.842
3900.335,1.255,20.0,1639723008,204.203,0.06,80.28,147.0,0.0,0.842
3930.339,1.35,20.0,1639768064,205.062,0.143,80.28,148.0,0.0,0.846
3960.333,1.278,20.0,1639768064,205.641,0.096,80.28,148.0,0.0,0.846
3990.387,1.335,20.0,1639788544,206.188,0.091,80.28,148.0,0.0,0.846
4020.33,1.235,20.0,1639788544,206.703,0.086,80.28,150.0,0.0,0.851
4050.328,1.196,20.0,1639788544,207.234,0.089,80.28,150.0,0.0,0.851
4080.334,1.242,20.0,1639788544,208.078,0.141,80.28,151.0,0.0,0.857
4110.319,1.363,20.0,1639788544,208.484,0.068,80.28,151.0,0.0,0.857
4140.361,1.273,20.0,1639899136,208.984,0.083,80.06,153.0,0.0,0.862
4170.294,1.275,20.0,1639899136,209.5,0.086,80.06,153.0,0.0,0.862
4200.333,1.294,20.0,1639854080,210.625,0.187,80.28,154.0,0.0,0.867
4230.343,1.24,20.0,1640030208,211.234,0.102,80.28,154.0,0.0,0.867
4260.334,1.224,20.0,1640030208,211.828,0.099,80.28,154.0,0.0,0.867
4290.349,1.243,20.0,1639985152,212.578,0.125,80.28,156.0,0.0,0.871
4320.416,1.37,20.0,1639985152,213.125,0.091,80.28,156.0,0.0,0.871
4350.38,1.421,20.0,1639985152,214.016,0.149,80.28,157.0,0.0,0.877
4380.381,1.244,20.0,1639985152,214.672,0.109,80.28,157.0,0.0,0.877
4410.329,1.273,20.0,1639985152,215.297,0.104,80.28,159.0,0.0,0.883
4440.355,1.392,20.0,1640091648,215.719,0.07,80.28,159.0,0.0,0.883
4470.341,1.322,20.0,1640091648,216.734,0.169,80.28,160.0,0.0,0.889
4500.403,1.321,20.0,1640050688,217.266,0.088,80.28,160.0,0.0,0.889
4530.363,1.332,20.0,1640140800,217.891,0.104,80.29,162.0,0.0,0.893
4560.321,1.279,20.0,1640140800,218.359,0.078,80.29,162.0,0.0,0.893
4590.335,1.44,20.0,1640120320,218.938,0.096,80.29,162.0,0.0,0.893
4620.347,1.268,20.0,1640185856,219.891,0.159,80.29,163.0,0.0,0.899
4650.418,1.298,20.0,1645101056,220.703,0.135,80.29,163.0,0.0,0.899
4680.389,1.237,20.0,1643790336,221.188,0.081,80.28,165.0,0.0,0.903
4710.328,1.457,20.0,1647284224,221.891,0.117,80.28,165.0,0.0,0.903
4740.33,1.379,20.0,1647329280,222.719,0.138,80.28,166.0,0.0,0.908
4770.368,1.223,20.0,1647329280,223.391,0.112,80.28,166.0,0.0,0.908
4800.387,1.24,20.0,1647284224,224.016,0.104,80.28,168.0,0.0,0.913
4830.329,1.372,20.0,1647370240,224.641,0.104,80.28,168.0,0.0,0.913
4860.467,1.339,20.0,1647370240,225.406,0.127,80.29,169.0,0.0,0.918
4890.403,1.219,20.0,1647509504,226.062,0.11,80.29,169.0,0.0,0.918
4920.335,1.174,20.0,1647509504,226.719,0.11,80.29,171.0,0.0,0.922
4950.482,1.366,20.0,1647509504,227.219,0.083,80.29,171.0,0.0,0.922
4980.349,1.455,20.0,1647517696,227.688,0.078,80.29,171.0,0.0,0.922
5010.352,1.383,20.0,1647595520,228.734,0.174,80.29,172.0,0.0,0.93
5040.331,1.276,20.0,1647644672,229.375,0.107,80.29,172.0,0.0,0.93
5070.332,1.311,20.0,1647644672,229.953,0.096,80.29,174.0,0.0,0.933
5100.461,1.297,20.0,1647599616,230.328,0.062,80.29,174.0,0.0,0.933
5130.335,1.293,20.0,1647599616,231.141,0.136,80.29,175.0,0.0,0.938
5160.391,1.271,20.0,1647599616,231.641,0.083,80.29,175.0,0.0,0.938
5190.378,1.214,20.0,1647599616,232.391,0.125,80.29,177.0,0.0,0.943
5220.325,1.331,20.0,1647599616,232.984,0.099,80.29,177.0,0.0,0.943
5250.327,1.216,20.0,1647599616,233.734,0.125,80.29,177.0,0.0,0.943
5280.36,1.26,20.0,1647599616,234.438,0.117,80.29,178.0,0.0,0.949
5310.341,1.377,20.0,1647599616,234.906,0.078,80.29,178.0,0.0,0.949
5340.391,1.261,20.0,1648152576,235.547,0.107,80.28,180.0,0.0,0.953
5370.336,1.353,20.0,1648152576,236.188,0.107,80.28,180.0,0.0,0.953
5400.341,1.201,20.0,1648152576,237.016,0.138,80.29,181.0,0.0,0.959
5430.552,1.36,20.0,1648197632,237.656,0.106,80.29,181.0,0.0,0.959
5460.348,1.413,20.0,1648197632,238.266,0.102,80.29,183.0,0.0,0.964
5490.385,1.336,20.0,1648152576,238.922,0.109,80.29,183.0,0.0,0.964
5520.361,1.236,20.0,1648152576,239.906,0.164,80.29,184.0,0.0,0.97
5550.329,1.437,20.0,1648152576,240.516,0.102,80.29,184.0,0.0,0.97
5580.4,1.43,20.0,1648152576,241.172,0.109,31.36,185.0,0.0,0.973
5610.378,1.214,20.0,1648152576,241.781,0.102,80.3,186.0,0.0,0.975
5640.334,1.27,20.0,1648152576,242.5,0.12,80.3,186.0,0.0,0.975
5670.415,1.412,20.0,1648152576,243.312,0.135,80.3,187.0,0.0,0.98
5700.387,1.355,20.0,1648152576,243.797,0.081,80.3,187.0,0.0,0.98
5730.374,1.328,20.0,1648254976,244.594,0.133,80.3,189.0,0.0,0.986
5760.345,1.377,20.0,1648193536,245.109,0.086,80.3,189.0,0.0,0.986
5790.341,1.368,20.0,1648148480,246.078,0.161,80.3,190.0,0.0,0.992
5820.334,1.287,20.0,1648148480,246.516,0.073,80.3,190.0,0.0,0.992
5850.367,1.202,20.0,1648148480,247.062,0.091,80.31,192.0,0.0,0.996
5880.337,1.297,20.0,1648148480,247.672,0.102,80.31,192.0,0.0,0.996
5910.403,1.384,20.0,1648148480,248.422,0.125,80.32,193.0,0.0,1.002
5940.418,1.354,20.0,1648193536,248.938,0.086,80.32,193.0,0.0,1.002
5970.339,1.367,20.0,1648193536,249.531,0.099,31.37,194.0,0.0,1.004
6000.334,1.326,20.0,1648152576,250.328,0.133,80.32,195.0,0.0,1.006
6030.332,1.266,20.0,1648152576,250.938,0.102,80.32,195.0,0.0,1.006
6060.405,1.284,20.0,1648152576,251.906,0.161,80.32,196.0,0.0,1.013
6090.433,1.203,20.0,1648152576,252.484,0.096,80.32,196.0,0.0,1.013
6120.389,1.225,20.0,1648152576,253.062,0.096,80.32,198.0,0.0,1.017
6150.381,1.412,20.0,1648152576,253.781,0.12,80.32,198.0,0.0,1.017
6180.382,1.413,20.0,1648152576,254.547,0.128,80.33,199.0,0.0,1.023
6210.372,1.274,20.0,1648181248,255.266,0.12,80.33,199.0,0.0,1.023
6240.397,1.365,20.0,1648226304,255.938,0.112,80.33,201.0,0.0,1.026
6270.399,1.219,20.0,1648226304,256.656,0.12,80.33,201.0,0.0,1.026
6300.333,1.221,20.0,1648181248,257.641,0.164,80.33,202.0,0.0,1.031
6330.353,1.194,20.0,1648181248,258.391,0.125,80.33,202.0,0.0,1.031
6360.509,1.35,20.0,1648181248,258.969,0.096,80.33,204.0,0.0,1.035
6390.347,1.399,20.0,1648934912,259.406,0.073,80.33,204.0,0.0,1.035
6420.337,1.305,20.0,1648934912,259.766,0.06,80.33,204.0,0.0,1.035
6450.35,1.337,20.0,1648934912,260.688,0.154,80.33,205.0,0.0,1.04
6480.351,1.466,20.0,1648934912,261.281,0.099,80.33,205.0,0.0,1.04
6510.388,1.188,20.0,1648934912,261.875,0.099,80.33,207.0,0.0,1.043
6540.403,1.204,20.0,1649160192,262.5,0.104,80.33,207.0,0.0,1.043
6570.326,1.223,20.0,1649160192,263.391,0.149,80.33,208.0,0.0,1.048
6600.428,1.239,20.0,1649160192,263.844,0.075,80.33,208.0,0.0,1.048
6630.34,1.284,20.0,1649205248,264.453,0.102,80.33,210.0,0.0,1.054
6660.333,1.259,20.0,1649205248,264.969,0.086,80.33,210.0,0.0,1.054
6690.336,1.287,20.0,1649160192,265.516,0.091,80.33,210.0,0.0,1.054
6720.436,1.284,20.0,1649160192,266.391,0.145,80.33,211.0,0.0,1.06
6750.346,1.242,20.0,1649160192,266.938,0.091,80.33,211.0,0.0,1.06
6780.392,1.245,20.0,1649160192,267.484,0.091,80.33,213.0,0.0,1.066
6810.333,1.327,20.0,1649160192,267.875,0.065,80.33,213.0,0.0,1.066
6840.345,1.307,20.0,1649205248,268.703,0.138,80.35,214.0,0.0,1.075
6870.331,1.246,20.0,1649205248,269.266,0.094,80.35,214.0,0.0,1.075
6900.4,1.305,20.0,1649160192,269.75,0.081,31.38,215.0,0.0,1.078
6930.34,1.211,20.0,1649246208,270.453,0.117,80.13,216.0,0.0,1.079
6960.348,1.255,20.0,1649246208,270.953,0.083,80.13,216.0,0.0,1.079
6990.396,1.337,20.0,1649156096,272.016,0.177,80.35,217.0,0.0,1.085
7020.412,1.289,20.0,1649479680,272.641,0.104,80.35,217.0,0.0,1.085
7050.337,1.251,20.0,1649479680,273.344,0.117,80.33,219.0,0.0,1.088
7080.329,1.333,20.0,1649479680,273.875,0.089,80.33,219.0,0.0,1.088
7110.486,1.192,20.0,1649479680,274.734,0.142,80.33,220.0,0.0,1.095
7140.347,1.27,20.0,1649786880,275.484,0.126,80.33,220.0,0.0,1.095
7170.388,1.221,20.0,1649786880,276.125,0.107,31.37,221.0,0.0,1.096
