package,files,lines,bytes
zmaster587.advancedRocketry,2,1370,102933
zmaster587.advancedRocketry.advancements,2,259,7817
zmaster587.advancedRocketry.api,26,3277,113994
zmaster587.advancedRocketry.api.armor,2,59,1953
zmaster587.advancedRocketry.api.atmosphere,2,108,3244
zmaster587.advancedRocketry.api.capability,1,39,1257
zmaster587.advancedRocketry.api.dimension,1,220,5183
zmaster587.advancedRocketry.api.dimension.solar,2,335,8038
zmaster587.advancedRocketry.api.event,1,29,879
zmaster587.advancedRocketry.api.fuel,1,229,6248
zmaster587.advancedRocketry.api.satellite,3,434,11893
zmaster587.advancedRocketry.api.stations,2,195,4429
zmaster587.advancedRocketry.api.util,1,53,1357
zmaster587.advancedRocketry.armor,2,578,19261
zmaster587.advancedRocketry.asm,3,943,42222
zmaster587.advancedRocketry.atmosphere,14,1116,41754
zmaster587.advancedRocketry.backwardCompat,6,835,28657
zmaster587.advancedRocketry.block,47,3045,94774
zmaster587.advancedRocketry.block.cable,4,158,4162
zmaster587.advancedRocketry.block.multiblock,1,100,3456
zmaster587.advancedRocketry.block.plant,4,419,12801
zmaster587.advancedRocketry.cable,9,814,22155
zmaster587.advancedRocketry.capability,3,106,3254
zmaster587.advancedRocketry.client,6,1445,60928
zmaster587.advancedRocketry.client.model,1,76,2253
zmaster587.advancedRocketry.client.render,10,1066,40558
zmaster587.advancedRocketry.client.render.armor,1,63,1991
zmaster587.advancedRocketry.client.render.entity,6,700,27050
zmaster587.advancedRocketry.client.render.multiblocks,22,2009,68615
zmaster587.advancedRocketry.client.render.planet,4,3256,128799
zmaster587.advancedRocketry.command,1,1052,41055
zmaster587.advancedRocketry.common,1,103,2740
zmaster587.advancedRocketry.dimension,2,3188,107870
zmaster587.advancedRocketry.enchant,1,37,1028
zmaster587.advancedRocketry.entity,11,4490,156251
zmaster587.advancedRocketry.entity.fx,12,1015,40679
zmaster587.advancedRocketry.event,5,1437,55720
zmaster587.advancedRocketry.integration,2,70,2098
zmaster587.advancedRocketry.integration.jei,4,378,16583
zmaster587.advancedRocketry.integration.jei.arcFurnace,4,104,2686
zmaster587.advancedRocketry.integration.jei.centrifuge,4,93,2478
zmaster587.advancedRocketry.integration.jei.chemicalReactor,4,161,4674
zmaster587.advancedRocketry.integration.jei.crystallizer,4,93,2524
zmaster587.advancedRocketry.integration.jei.electrolyser,4,94,2529
zmaster587.advancedRocketry.integration.jei.lathe,4,93,2356
zmaster587.advancedRocketry.integration.jei.platePresser,4,93,2480
zmaster587.advancedRocketry.integration.jei.precisionAssembler,4,95,2829
zmaster587.advancedRocketry.integration.jei.precisionLaserEtcher,4,91,2698
zmaster587.advancedRocketry.integration.jei.rollingMachine,4,94,2574
zmaster587.advancedRocketry.integration.jei.sawmill,4,93,2418
zmaster587.advancedRocketry.inventory,11,1172,47015
zmaster587.advancedRocketry.inventory.modules,9,1423,51206
zmaster587.advancedRocketry.item,20,2305,77778
zmaster587.advancedRocketry.item.components,3,575,18861
zmaster587.advancedRocketry.item.tools,1,282,8692
zmaster587.advancedRocketry.mission,3,422,14774
zmaster587.advancedRocketry.network,16,1411,39657
zmaster587.advancedRocketry.recipe,10,120,3394
zmaster587.advancedRocketry.satellite,10,872,26843
zmaster587.advancedRocketry.stations,3,1619,53100
zmaster587.advancedRocketry.tile,9,2842,99079
zmaster587.advancedRocketry.tile.atmosphere,5,891,28395
zmaster587.advancedRocketry.tile.cables,6,832,22484
zmaster587.advancedRocketry.tile.hatch,2,233,7162
zmaster587.advancedRocketry.tile.infrastructure,7,2073,68938
zmaster587.advancedRocketry.tile.multiblock,10,3886,235894
zmaster587.advancedRocketry.tile.multiblock.energy,3,838,27587
zmaster587.advancedRocketry.tile.multiblock.machine,10,1088,41032
zmaster587.advancedRocketry.tile.multiblock.orbitallaserdrill,4,1058,34081
zmaster587.advancedRocketry.tile.satellite,2,635,22345
zmaster587.advancedRocketry.tile.station,7,2771,94414
zmaster587.advancedRocketry.unit,4,366,11631
zmaster587.advancedRocketry.util,27,4891,178465
zmaster587.advancedRocketry.world,6,1845,69482
zmaster587.advancedRocketry.world.biome,14,678,20786
zmaster587.advancedRocketry.world.decoration,15,1842,77363
zmaster587.advancedRocketry.world.gen,6,678,26450
zmaster587.advancedRocketry.world.ore,2,177,7656
zmaster587.advancedRocketry.world.provider,3,664,24087
zmaster587.advancedRocketry.world.type,2,73,2153
zmaster587.advancedRocketry.world.util,8,506,12560
