source_path,recipe_type,output,sha256,status
src/main/resources/assets/advancedrocketry/recipes/_factories.json,,,a68bf2a6f284678c0ae8e3276835412e971521cc4a1874ab73dfd84b3f59bf35,VALID_JSON
src/main/resources/assets/advancedrocketry/recipes/advbasiccircuit.json,advancedrocketry:cuttingmachine,,40ed3f3b8935cb083f88ec52a334adc73e0ab0e6b9c544563688cdded91d7a19,VALID_JSON
src/main/resources/assets/advancedrocketry/recipes/advbipropellantengine.json,minecraft:crafting_shaped,advancedrocketry:advbipropellantrocketmotor,e38a6365a2c3bd4a2be6014302556a5d67bdfe5590843642db07aa8c5f21f99f,VALID_JSON
src/main/resources/assets/advancedrocketry/recipes/advcircuitplate.json,advancedrocketry:precisionassembler,,beedb9d96eaaa90a83b011febfccfd0aaa2647ed0bc519ae5cd911bdcd4e032a,VALID_JSON
src/main/resources/assets/advancedrocketry/recipes/advcircuitplateetcher.json,advancedrocketry:precisionlaseretcher,,5c68057b52d987e9be29cf7c72a4745f6d513c85b0a5a45f01c7d1dff305901c,VALID_JSON
src/main/resources/assets/advancedrocketry/recipes/advengine.json,minecraft:crafting_shaped,advancedrocketry:advrocketmotor,d9dc0be7a05c401b40103fee099b04834d9f3457a507ec40d35fdfaf40179c20,VALID_JSON
src/main/resources/assets/advancedrocketry/recipes/alienplanks.json,advancedrocketry:cuttingmachine,,54aea9af5f2cc52515af3f1c87a90583c7c4e16654bf26fdce2d7c28f48339c6,VALID_JSON
src/main/resources/assets/advancedrocketry/recipes/alienwoodplanks.json,minecraft:crafting_shapeless,advancedrocketry:planks,a5bc559524767afe7614371574dbda4340fbcb6bad1fe5ea633a6f8c9e243fb7,VALID_JSON
src/main/resources/assets/advancedrocketry/recipes/altitudecontroller.json,minecraft:crafting_shapeless,advancedrocketry:altitudecontroller,ef56138d5a27b36f5e84b65c7ebc70c8585a2fe20cae0163f3dc03bf92ffd901,VALID_JSON
src/main/resources/assets/advancedrocketry/recipes/antifogvisor.json,advancedrocketry:precisionassembler,,e315975e8e88f75a90fe16941af87b603bb6c0368039a5e32993b1c2ad7c2f06,VALID_JSON
src/main/resources/assets/advancedrocketry/recipes/arcfurnace.json,minecraft:crafting_shaped,advancedrocketry:arcfurnace,0594bfc329dec619859ca5317dd20f1d4830592386592da5ee86ccb626932b70,VALID_JSON
src/main/resources/assets/advancedrocketry/recipes/asteroidchip.json,minecraft:crafting_shapeless,advancedrocketry:asteroidchip,8b324bfa93bc6bed1433674a873c83e06e7e97ff2725172caa4a4d59b2632fcd,VALID_JSON
src/main/resources/assets/advancedrocketry/recipes/atmanalyser.json,advancedrocketry:precisionassembler,,2069cf006781ba65a591c1a3d595b002403b783d68d2fea100da373c0fa10430,VALID_JSON
src/main/resources/assets/advancedrocketry/recipes/basiccircuit.json,advancedrocketry:cuttingmachine,,12ef7d240945e67f1d93fcc6c3fb2c31d2e71d686623663e17b10a6806570c11,VALID_JSON
src/main/resources/assets/advancedrocketry/recipes/basiccircuitplate.json,advancedrocketry:precisionassembler,,5f9120aab08c29e9758ab43a567aa38546ffd52ec66581f5b695d0524bf86eb2,VALID_JSON
src/main/resources/assets/advancedrocketry/recipes/basiccircuitplateetcher.json,advancedrocketry:precisionlaseretcher,,9aa5181207f22f09ec5ee99b29dabc7808ac130b7c70d4f491c21f0b523b5cc1,VALID_JSON
src/main/resources/assets/advancedrocketry/recipes/basicsolarpanel.json,minecraft:crafting_shaped,advancedrocketry:satellitepowersource,4755f593507102621bf2109cc5b1a225a9817b06766b94506c3e07da5990d8c5,VALID_JSON
src/main/resources/assets/advancedrocketry/recipes/beacon.json,minecraft:crafting_shaped,advancedrocketry:beacon,bacfa6496d06f4b8127ca8c5b3c7911c043ab1aeab7746744fe9168f4c1cd7d0,VALID_JSON
src/main/resources/assets/advancedrocketry/recipes/beaconfinder.json,advancedrocketry:precisionassembler,,6b5510b10b7c3916301273b13e05bb49c1d7f7e31b86fa94916e0d4b81d0ae61,VALID_JSON
src/main/resources/assets/advancedrocketry/recipes/biomechanger.json,advancedrocketry:precisionassembler,,6f478fe6a2385ab52b3562f864d1a281dab77fa641fac19029f4cc0254e20eb2,VALID_JSON
src/main/resources/assets/advancedrocketry/recipes/biomechangerremote.json,advancedrocketry:precisionassembler,,239d13019a95f3743646aacc0157c00993a323a82a0ee176657a3e8188ce6d78,VALID_JSON
src/main/resources/assets/advancedrocketry/recipes/biomescanner.json,minecraft:crafting_shaped,advancedrocketry:biomescanner,f42545c734bf14a9fa1b1a79382757d8af8c8b8155b686f64dff7e81257838a4,VALID_JSON
src/main/resources/assets/advancedrocketry/recipes/bionicleg.json,advancedrocketry:precisionassembler,,867b7b2b0d58d9d85c14107a80d3b0ad2eb6ac63a0c38dd319e7046fa9d5374e,VALID_JSON
src/main/resources/assets/advancedrocketry/recipes/bipropellantengine.json,minecraft:crafting_shaped,advancedrocketry:bipropellantrocketmotor,21b08b05aeb9f2c9351a3183272260feb184a831d9abae3096cc3290d7393baa,VALID_JSON
src/main/resources/assets/advancedrocketry/recipes/blackholegenerator.json,minecraft:crafting_shaped,advancedrocketry:blackholegenerator,11974daf29f1fa1a131d1132e4fe3cc41bc3635a4e453a45ea8449886b7cc044,VALID_JSON
src/main/resources/assets/advancedrocketry/recipes/blastbrick.json,minecraft:crafting_shapeless,advancedrocketry:blastbrick,42781307186c3a42ca287d146fdbb1bcd7c8c396e5802b46bbae6d9a8ca6e45e,VALID_JSON
src/main/resources/assets/advancedrocketry/recipes/blockbipropellantfueltank.json,minecraft:crafting_shaped,advancedrocketry:bipropellantfueltank,c0a10bda2fb16a50d2067c5b1384909af73ce696a79a3654a9f5facf35a76314,VALID_JSON
src/main/resources/assets/advancedrocketry/recipes/blockconcrete.json,minecraft:crafting_shapeless,advancedrocketry:concrete,58cb0124250dd3881d30afd256086c8d8c0001f7d2fb967d73675ee591d10b8b,VALID_JSON
src/main/resources/assets/advancedrocketry/recipes/blockfueltank.json,minecraft:crafting_shaped,advancedrocketry:fueltank,f483263d5531b515f2655d79e0aed2f5bc366a06178bf9abb92e45ab057b8a0b,VALID_JSON
src/main/resources/assets/advancedrocketry/recipes/blocklens.json,advancedrocketry:precisionassembler,,ec0a4d06c0586e1dfcece40709266580134bae9beb14c073c14fdb827e030939,VALID_JSON
src/main/resources/assets/advancedrocketry/recipes/blocknuclearfueltank.json,minecraft:crafting_shaped,advancedrocketry:nuclearfueltank,b086c9ea0625b49190827536bc88ba0f14fd5956edfa708023b5e9023d070437,VALID_JSON
src/main/resources/assets/advancedrocketry/recipes/blockoxidizerfueltank.json,minecraft:crafting_shaped,advancedrocketry:oxidizerfueltank,2f0e296a6d883d6e788ecae8d0df8bf5d03ab7276b6c8d2494b04657a5d6e953,VALID_JSON
src/main/resources/assets/advancedrocketry/recipes/blockpump.json,minecraft:crafting_shaped,advancedrocketry:blockpump,49fb97596d93bc604bfcc358834f2f36088f115a439fffefd7e6a941c06998cd,VALID_JSON
src/main/resources/assets/advancedrocketry/recipes/bonemeal_chem.json,advancedrocketry:chemicalreactor,,2dd1b5373c3dd12ee6dd0d7378642c3b15e0b208fe91e571d7479507ddb008e3,VALID_JSON
src/main/resources/assets/advancedrocketry/recipes/carboncartridgerefresh.json,advancedrocketry:chemicalreactor,,54e505d8e9fe02ea5dfd0d3082928cb9825d30b36cd5a13274e6343cd2653c83,VALID_JSON
src/main/resources/assets/advancedrocketry/recipes/carbonscrubbercartidge.json,minecraft:crafting_shaped,advancedrocketry:carbonscrubbercartridge,9bfbf3cc6ca0ebd9f1f5519a3dab218cc2fca820bce4a048d92e22cfe51e986e,VALID_JSON
src/main/resources/assets/advancedrocketry/recipes/centrifuge.json,minecraft:crafting_shaped,advancedrocketry:centrifuge,30c2b4155bff8fc9c534f9b10c26acec2638d299766e0d9c239c68f61410b425,VALID_JSON
src/main/resources/assets/advancedrocketry/recipes/charcoalbrick.json,minecraft:crafting_shapeless,advancedrocketry:misc,d4de517371782056b15dbfbd4cc353dae139c216d979328daef8d7cd23475744,VALID_JSON
src/main/resources/assets/advancedrocketry/recipes/chemicalreactor.json,minecraft:crafting_shaped,advancedrocketry:chemicalreactor,d5e103a18159c5d4fa7d8bfc4655503684fb5be10a40fb23391f972c88aaec61,VALID_JSON
src/main/resources/assets/advancedrocketry/recipes/circlelight.json,minecraft:crafting_shaped,advancedrocketry:circlelight,846a20d96d365327f614dbbd3152897f3b71bcfbf63c5e7151dc564454574763,VALID_JSON
src/main/resources/assets/advancedrocketry/recipes/compositionsensor.json,minecraft:crafting_shaped,advancedrocketry:satelliteprimaryfunction,c524604a424a07df9f8db4a81e4e733ce6ac069b0605ab586269b2228aa58b22,VALID_JSON
src/main/resources/assets/advancedrocketry/recipes/controlcircuitboard.json,minecraft:crafting_shaped,advancedrocketry:ic,4a374d22e8fa6e6d56b1bd2fb9da1ed7bcfadbff65c07b5b262f2d9e5af57892,VALID_JSON
src/main/resources/assets/advancedrocketry/recipes/controlcircuitboard_prec.json,advancedrocketry:precisionassembler,,d1c6151d6b7d70bea12708df3551e7f72b6dd542639ba3191c0100e7b6a95905,VALID_JSON
src/main/resources/assets/advancedrocketry/recipes/crystallizer.json,minecraft:crafting_shaped,advancedrocketry:crystallizer,bdcec56af31dffe7e8f19b0c8198fb6d4e990e6a56952dcbe30fe0ea2ffc0130,VALID_JSON
src/main/resources/assets/advancedrocketry/recipes/cuttingmachine.json,minecraft:crafting_shaped,advancedrocketry:cuttingmachine,2d8665f0d0492f65c2610ca18de5168f6175f4483f3233bce9c74fae6f08c0f2,VALID_JSON
src/main/resources/assets/advancedrocketry/recipes/databus.json,minecraft:crafting_shaped,advancedrocketry:loader,a096cd1b2387b505e19d9e8fa763bbc691c8246178a030975e3cbff9eebe3f11,VALID_JSON
src/main/resources/assets/advancedrocketry/recipes/dataunit.json,advancedrocketry:precisionassembler,,c5d6e6a839fc672c2f6b2cccebf1da71d5acb07d56602094dfd807fbf4500c7b,VALID_JSON
src/main/resources/assets/advancedrocketry/recipes/deployablerocketbuilder.json,minecraft:crafting_shaped,advancedrocketry:deployablerocketbuilder,9bfa9908160427df581cef9fe15280aa9c5542edcded3c096c0fcb3127a5f3ed,VALID_JSON
src/main/resources/assets/advancedrocketry/recipes/drill.json,minecraft:crafting_shapeless,advancedrocketry:drill,5bdfcfbd29a3ee936d6bc9a9cd65c185bd27c8a94a0ba883d2345828030ee576,VALID_JSON
src/main/resources/assets/advancedrocketry/recipes/electrolyser.json,minecraft:crafting_shaped,advancedrocketry:electrolyser,08d3f18b4a9041d767616f77761bc10762ad958c92cc3c5627fee3ae2f7b268b,VALID_JSON
src/main/resources/assets/advancedrocketry/recipes/elevatorchip.json,advancedrocketry:precisionassembler,,3ca48495feab8c01584da99e0b790906a0df6e5e9385091eefd81923ca02d430,VALID_JSON
src/main/resources/assets/advancedrocketry/recipes/engine.json,minecraft:crafting_shaped,advancedrocketry:rocketmotor,2d297f6fe8a3d659c1443d3eff181fcbddc6d08a89ff6523e95062e96d0bdb95,VALID_JSON
src/main/resources/assets/advancedrocketry/recipes/flightspeed.json,advancedrocketry:precisionassembler,,3134f67fd6b834f99a459c01638b4d812984149b8681dbef17525b8dead27673,VALID_JSON
src/main/resources/assets/advancedrocketry/recipes/forcefieldprojector.json,minecraft:crafting_shaped,advancedrocketry:forcefieldprojector,09114fafe86978388fc917414216813995345c94a401be4140df612e400afcbb,VALID_JSON
src/main/resources/assets/advancedrocketry/recipes/fuelingstation.json,minecraft:crafting_shaped,advancedrocketry:fuelingstation,c97b6cfa57c83b14fe052a23065b983d16a00b6bc09f033bdba39b050656f2ab,VALID_JSON
src/main/resources/assets/advancedrocketry/recipes/genericseat.json,minecraft:crafting_shaped,advancedrocketry:seat,4650e0b7da88d76fe6fa1c4022c6b7dc41e356356a1a4e59c9463db257896286,VALID_JSON
src/main/resources/assets/advancedrocketry/recipes/gravitycontroller.json,minecraft:crafting_shapeless,advancedrocketry:gravitycontroller,2b4b6770fe583a0e194831a0c8978cd592b579971f229f5f99a49966ea11c9b6,VALID_JSON
src/main/resources/assets/advancedrocketry/recipes/gravitymachine.json,minecraft:crafting_shaped,advancedrocketry:gravitymachine,f6309b9985a8a60438a6e1df084763a952ca8dbd852d1973888db5d3cf4e0361,VALID_JSON
src/main/resources/assets/advancedrocketry/recipes/guidancecomputer.json,minecraft:crafting_shaped,advancedrocketry:guidancecomputer,2aa0d3ce71c5c798b762c503796e0444d019412aef208d640dc51505a86d9146,VALID_JSON
src/main/resources/assets/advancedrocketry/recipes/guidancecomputeraccesshatch.json,minecraft:crafting_shaped,advancedrocketry:loader,d52b6650b26183b6d0bd1d8d406d9784f9fb1f04f751f5b593c10d2ba14c0b47,VALID_JSON
src/main/resources/assets/advancedrocketry/recipes/highpressuretank.json,advancedrocketry:rollingmachine,,8eff684cfb5c677798968d0825cf14bf7455a7ee46084df7d9faf905ae7e4a6a,VALID_JSON
src/main/resources/assets/advancedrocketry/recipes/holoprojector.json,minecraft:crafting_shaped,libvulpes:holoprojector,de845168cf373b4c48900a6b93ce960a59339be0401c255bdafbc0220f0be894,VALID_JSON
src/main/resources/assets/advancedrocketry/recipes/hovercraft.json,minecraft:crafting_shaped,advancedrocketry:hovercraft,4a47290fbbf111995a20316e5c9f7860d1d269940c1b8faf0f5c6c96e1521b45,VALID_JSON
src/main/resources/assets/advancedrocketry/recipes/hoverupgrade.json,advancedrocketry:precisionassembler,,637fbb153aace6bc37dd00148360ace2e200c016368111cb1e4d8666d617f5e3,VALID_JSON
src/main/resources/assets/advancedrocketry/recipes/hydrogenoxygen.json,advancedrocketry:electrolyser,,888e62e79fbcc0a31416a3b7b5e9123f14f24444aae7f25f7661d6e961f4486f,VALID_JSON
src/main/resources/assets/advancedrocketry/recipes/ingotsteel.json,advancedrocketry:electricarcfurnace,,c687917a8dd35c498f6c0ad77bce1e59746c3cc773edf6a96475bcb3ee07c262,VALID_JSON
src/main/resources/assets/advancedrocketry/recipes/ingottitaniumaluminide.json,advancedrocketry:electricarcfurnace,,6a5db3f90204bc5c4b56dfa0539a2827eba66dec26b3f5f1611a2c902da04daa,VALID_JSON
src/main/resources/assets/advancedrocketry/recipes/ingottitaniumiridium.json,advancedrocketry:electricarcfurnace,,8d090f4f51fb212613e07b05b415ce1fa6e41ec240badec5e072114d214bfdc5,VALID_JSON
src/main/resources/assets/advancedrocketry/recipes/intake.json,minecraft:crafting_shaped,advancedrocketry:intake,7c7c980ca52c078d95a7af4fcdccb017dfe26f47f147ff75910c85aceff25e7d,VALID_JSON
src/main/resources/assets/advancedrocketry/recipes/iocircuitboard.json,minecraft:crafting_shaped,advancedrocketry:ic,567fcbd5f9d558dbcf459521c08580ef5f966c6cdef98469cb65eea737fa77b8,VALID_JSON
src/main/resources/assets/advancedrocketry/recipes/iocircuitboard_prec.json,advancedrocketry:precisionassembler,,1d714a23db89c8c1939fb4d67c312583191e6123f70b65fb425a1f38c09143f7,VALID_JSON
src/main/resources/assets/advancedrocketry/recipes/jackhammer.json,minecraft:crafting_shaped,advancedrocketry:jackhammer,04ee5ff1253e888b86a2e7044bcbeeda17a055d5ece6346e7e171c61f600f704,VALID_JSON
src/main/resources/assets/advancedrocketry/recipes/jetpack.json,minecraft:crafting_shaped,advancedrocketry:jetpack,8fcf370553d78be71ad69cf471dccfe91b72ba53b8f6a7b666d35a0524d64608,VALID_JSON
src/main/resources/assets/advancedrocketry/recipes/landingpad.json,minecraft:crafting_shapeless,advancedrocketry:landingpad,b004bd5f22246991a0228153fa1c16483d0660f95028d49d6c21808775722ccc,VALID_JSON
src/main/resources/assets/advancedrocketry/recipes/largesolarpanel.json,minecraft:crafting_shapeless,advancedrocketry:satellitepowersource,1be8b6ed398a5c0e14622fd519d14db945a461b4577c19583b26711f9e83a4cc,VALID_JSON
src/main/resources/assets/advancedrocketry/recipes/lathe.json,minecraft:crafting_shaped,advancedrocketry:lathe,e3160e966eaff00b2ad1634249d23ba682ced2d8cbbef2e30fc354cf6ef30a1f,VALID_JSON
src/main/resources/assets/advancedrocketry/recipes/launchpad.json,minecraft:crafting_shapeless,advancedrocketry:launchpad,638c20477a6a0e4eeb6dc0e2dcffffa5ebf33bb7d506f1be33e1f12047f5978b,VALID_JSON
src/main/resources/assets/advancedrocketry/recipes/lens.json,minecraft:crafting_shaped,advancedrocketry:lens,2a185d4129a18ec1b2627eda32c7bacec3e66e117c546add3b166d7d009dadf3,VALID_JSON
src/main/resources/assets/advancedrocketry/recipes/liquidiocircuitboard.json,minecraft:crafting_shaped,advancedrocketry:ic,2ba1d45a9c4ea2c5ee05e416d131853e0098707027033bf97d10ab257541e72b,VALID_JSON
src/main/resources/assets/advancedrocketry/recipes/liquidiocircuitboard_prec.json,advancedrocketry:precisionassembler,,8fa23bef5974f1c5759055b5586dc58e6f83e9245847bb8964619386d9386373,VALID_JSON
src/main/resources/assets/advancedrocketry/recipes/liquidtank.json,minecraft:crafting_shaped,advancedrocketry:liquidtank,81f7a6bf0801b10f85bbec78227c502229cf65a622ab5a3168469e71909639a7,VALID_JSON
src/main/resources/assets/advancedrocketry/recipes/lowpressuretank.json,advancedrocketry:rollingmachine,,7cf23d48b8085a3c0baa0cabd6b41808171d2d293966a20159021714fb93d8ff,VALID_JSON
src/main/resources/assets/advancedrocketry/recipes/massdetector.json,minecraft:crafting_shaped,advancedrocketry:satelliteprimaryfunction,fefb268e0d005524ce2b3ed3b78cd347a605107877e206211baa0967032c520f,VALID_JSON
src/main/resources/assets/advancedrocketry/recipes/microwavereciever.json,minecraft:crafting_shaped,advancedrocketry:microwavereciever,a848847508197294d141550181ffa709bde3878709346f7ab2d203eb5b600f43,VALID_JSON
src/main/resources/assets/advancedrocketry/recipes/microwavetransmitter.json,minecraft:crafting_shaped,advancedrocketry:satelliteprimaryfunction,8940020cd51d8031edef4372180fe7172c416a4980531f9abe04d9eec0b1d0c8,VALID_JSON
src/main/resources/assets/advancedrocketry/recipes/monitoringstation.json,minecraft:crafting_shaped,advancedrocketry:monitoringstation,287d8162faae661595151adbf2b8e1ef2e42033b4a3c783f5491184482f852c1,VALID_JSON
src/main/resources/assets/advancedrocketry/recipes/nuclearcore.json,advancedrocketry:precisionassembler,,770b943bc3a487f17b41243c75b3c6b7f9fddfb44aa34c3be84c7542f6434929,VALID_JSON
src/main/resources/assets/advancedrocketry/recipes/nuclearengine.json,minecraft:crafting_shaped,advancedrocketry:nuclearrocketmotor,2215c7f11a73026b831fc6376ca1272bdbdf3dc979cfe4c7929bfa43b4f21b20,VALID_JSON
src/main/resources/assets/advancedrocketry/recipes/observatory.json,minecraft:crafting_shaped,advancedrocketry:observatory,e59ebbb1efb544a51b5db9837b84205614c06997d510012ce9cc54c90e749c1c,VALID_JSON
src/main/resources/assets/advancedrocketry/recipes/opticalsensor.json,minecraft:crafting_shaped,advancedrocketry:satelliteprimaryfunction,ec45f4b04cfad3982deea26245215f319c8b12513269e4fc715605cd8d8a0984,VALID_JSON
src/main/resources/assets/advancedrocketry/recipes/oremapper.json,minecraft:crafting_shaped,advancedrocketry:satelliteprimaryfunction,6923f10692524b17de59f6588a634cabbaa1d3f6cc9722ec84199487ec43074b,VALID_JSON
src/main/resources/assets/advancedrocketry/recipes/orescanner.json,minecraft:crafting_shaped,advancedrocketry:orescanner,3bc82589b7ce589870b64123988f573c50fa9556a96481bce1d91fa7794db2ba,VALID_JSON
src/main/resources/assets/advancedrocketry/recipes/orientationcontroller.json,minecraft:crafting_shapeless,advancedrocketry:orientationcontroller,73b8c45d795664944c7396637ad7dd53635a0e9e64653b42edd9fdc7301a3859,VALID_JSON
src/main/resources/assets/advancedrocketry/recipes/oxygencharger.json,minecraft:crafting_shaped,advancedrocketry:oxygencharger,9777964e84dd52bbb04bfd2721aa21d7dfe8f26ce19c2be2137ab45c2148dc31,VALID_JSON
src/main/resources/assets/advancedrocketry/recipes/oxygendetection.json,minecraft:crafting_shaped,advancedrocketry:oxygendetection,38f4975cb7f8f1fc983dc678f586068c03224a6881c2aa83892af05a600670e0,VALID_JSON
src/main/resources/assets/advancedrocketry/recipes/oxygenscrubber.json,minecraft:crafting_shaped,advancedrocketry:oxygenscrubber,3efcaefa070ecdd68821f627db4123c8baef8ef924a6ab8382eef2b4413dbcff,VALID_JSON
src/main/resources/assets/advancedrocketry/recipes/oxygenvent.json,minecraft:crafting_shaped,advancedrocketry:oxygenvent,82b40437743ddec5bd9aeb899b5659fb11d0efc537dfe8ca157d72c4cfdb5c88,VALID_JSON
src/main/resources/assets/advancedrocketry/recipes/paddedboots.json,advancedrocketry:precisionassembler,,d16f16f74b3e84a36cb1e2975023aa34c43366d1ea45a7bd3dd07f74d6782929,VALID_JSON
src/main/resources/assets/advancedrocketry/recipes/pipesealer.json,minecraft:crafting_shaped,advancedrocketry:pipesealer,3872720b66c3efe6722501804492223b68dddb1ce192e5a1d8057d9b34bb37dd,VALID_JSON
src/main/resources/assets/advancedrocketry/recipes/pipesealer_alt.json,minecraft:crafting_shaped,advancedrocketry:pipesealer,c0b736c0b05e727708ff172526c360b0677347bb4ed5ab5a5ad48edb1083fdf5,VALID_JSON
src/main/resources/assets/advancedrocketry/recipes/planetanalyser.json,minecraft:crafting_shaped,advancedrocketry:planetanalyser,338726a6f888fdbfbafc8613c2b426e26c6beaffa0d3d8ee9427a4bd70cc54b5,VALID_JSON
src/main/resources/assets/advancedrocketry/recipes/planetholoselector.json,minecraft:crafting_shaped,advancedrocketry:planetholoselector,794d5bdc79dabf8ab00d4ecb7495d39fe48c4a889dd2fe4a9864527953f6cc9e,VALID_JSON
src/main/resources/assets/advancedrocketry/recipes/planetidchip.json,minecraft:crafting_shapeless,advancedrocketry:planetidchip,c588fe0bb756a7ac5af53acca29009819bd6b27f73ec47cfbd487e5b694bd27e,VALID_JSON
src/main/resources/assets/advancedrocketry/recipes/platepress.json,minecraft:crafting_shaped,advancedrocketry:platepress,dd73f76edb37ce003d310d57ef56d463769de97a92244a43a9aca7f2bf4f7318,VALID_JSON
src/main/resources/assets/advancedrocketry/recipes/precisionassemblingmachine.json,minecraft:crafting_shaped,advancedrocketry:precisionassemblingmachine,1bbaa809272edde1c796b329877f2b578ebcaa7ec4cad431b6082d04aa0ac292,VALID_JSON
src/main/resources/assets/advancedrocketry/recipes/precisionlaseretcher.json,minecraft:crafting_shaped,advancedrocketry:precisionlaseretcher,8c19d19f83d150674e89ceaeacd27167a88fc2647d9c837c41d33838065dc40d,VALID_JSON
src/main/resources/assets/advancedrocketry/recipes/pressuretank.json,advancedrocketry:rollingmachine,,875a3123cd019393825b3e5006f16114906c9562f4c225a4bd9de9fa17b3dab9,VALID_JSON
src/main/resources/assets/advancedrocketry/recipes/quartz_crucible.json,minecraft:crafting_shaped,advancedrocketry:iquartzcrucible,74bffc3d4b1849b4aa264d54865587316a7d969376c622767b2b68a0909dc730,VALID_JSON
src/main/resources/assets/advancedrocketry/recipes/railgun.json,minecraft:crafting_shaped,advancedrocketry:railgun,d931de9179dba882fd08bd41ba3e5d5cf8334636a465da9f85b050127174ba2b,VALID_JSON
src/main/resources/assets/advancedrocketry/recipes/rocketbuilder.json,minecraft:crafting_shaped,advancedrocketry:rocketbuilder,18dfe75aab5060a90eb54cf7349acb252f94b0e8bc76117a34449f0e8f228d35,VALID_JSON
src/main/resources/assets/advancedrocketry/recipes/rocketfluidloader.json,minecraft:crafting_shapeless,advancedrocketry:loader,6b3a355666d7bd07dfa81ff02b78d1da14964014da7b1c93d973417bd9e3ea8c,VALID_JSON
src/main/resources/assets/advancedrocketry/recipes/rocketfluidloader2.json,minecraft:crafting_shapeless,advancedrocketry:loader,b07396dd7a12603dcc7f9fc074cca6c9e4fac0c82276d7f84a2d014fde7afaa6,VALID_JSON
src/main/resources/assets/advancedrocketry/recipes/rocketfluidunloader.json,minecraft:crafting_shapeless,advancedrocketry:loader,2117ce3e68fea882d4fe7bb747b02464b892b27492e1c5eef256bfd61d7a03e8,VALID_JSON
src/main/resources/assets/advancedrocketry/recipes/rocketfluidunloader2.json,minecraft:crafting_shapeless,advancedrocketry:loader,fa4c1435712665f211d4d77be7a5b5b3febd80b0c4240daf89788853a7d3c34a,VALID_JSON
src/main/resources/assets/advancedrocketry/recipes/rocketfuel.json,advancedrocketry:chemicalreactor,,7dc419333702326e38f1accd6eb929051d6b13f8f22a5763517bdb499d881a72,VALID_JSON
src/main/resources/assets/advancedrocketry/recipes/rocketloader.json,minecraft:crafting_shapeless,advancedrocketry:loader,7d56d4ec4c5ffbabfb4b65f5bca7f703bc2819c7afc2cf4ccbce80da725fff5b,VALID_JSON
src/main/resources/assets/advancedrocketry/recipes/rocketloader2.json,minecraft:crafting_shapeless,advancedrocketry:loader,8668bc2e36d03c0b3c659f6bdd1c3f2308d9801bd71be7ad58cf4883b99c649a,VALID_JSON
src/main/resources/assets/advancedrocketry/recipes/rocketunloader.json,minecraft:crafting_shapeless,advancedrocketry:loader,6fac66553ef494ab0e10eceb4e77c5214fac0ca5c5eb1a32ac0a85dbc7eb213f,VALID_JSON
src/main/resources/assets/advancedrocketry/recipes/rocketunloader2.json,minecraft:crafting_shapeless,advancedrocketry:loader,8b27827968eab33df3226fef9eeb6695802d44582a3505a35f727afac9f95310,VALID_JSON
src/main/resources/assets/advancedrocketry/recipes/rollingmachine.json,minecraft:crafting_shaped,advancedrocketry:rollingmachine,94f1953189c9bb2aa59fba9af62b17cdade8e3d3f217208cf28f817bed867ace,VALID_JSON
src/main/resources/assets/advancedrocketry/recipes/satellite.json,minecraft:crafting_shaped,advancedrocketry:satellite,22b37228d6ffd49269e2195cc56f9b866e8f9665c16602c6552516c83b1ce39e,VALID_JSON
src/main/resources/assets/advancedrocketry/recipes/satellitebay.json,minecraft:crafting_shaped,advancedrocketry:loader,d312b17da9d1b76e56e0d9cc37ff9fea3f563ce3d68818b9a32a30bfa107429a,VALID_JSON
src/main/resources/assets/advancedrocketry/recipes/satellitebuilder.json,minecraft:crafting_shaped,advancedrocketry:satellitebuilder,a349249b69471c02cc51d368644a93b1d7060fc18efc846f6a9d98b08b620df7,VALID_JSON
src/main/resources/assets/advancedrocketry/recipes/satellitecontrolcenter.json,minecraft:crafting_shaped,advancedrocketry:satellitecontrolcenter,57e24476ee92a5f998c8a970059002ae96599e3bce54f42f198b2312c0d9c7b8,VALID_JSON
src/main/resources/assets/advancedrocketry/recipes/satelliteidchip.json,minecraft:crafting_shapeless,advancedrocketry:satelliteidchip,27170e6ab80aa401f0407030954d0c3284e33f32128f4f90727c5779ccfbf8c1,VALID_JSON
src/main/resources/assets/advancedrocketry/recipes/sawblade.json,minecraft:crafting_shaped,advancedrocketry:sawblade,09ef239f3b313913ae61ba0bb3145f630cadeeb57abb3753e2688d5d48c14b20,VALID_JSON
src/main/resources/assets/advancedrocketry/recipes/sawbladeiron.json,minecraft:crafting_shaped,advancedrocketry:sawbladeiron,9cad75f9f23ca9041e0cdb69fff5f3e24e4bb8ee0471d6745550cd666832f36c,VALID_JSON
src/main/resources/assets/advancedrocketry/recipes/sealdetector.json,minecraft:crafting_shaped,advancedrocketry:sealdetector,87474038174d0575786c96123e8ffe06b0cadb1225aa3121bee70f2231c3f6fd,VALID_JSON
src/main/resources/assets/advancedrocketry/recipes/siliconingot.json,advancedrocketry:electricarcfurnace,,b80c5091ce809754825c107a3f140ab759505ffec494c6bd2b92a10f9f4c0c43,VALID_JSON
src/main/resources/assets/advancedrocketry/recipes/siliconwafer.json,advancedrocketry:cuttingmachine,,d032ee90eec92a8601583d42010d657f53b472fbcf8b9aa5257b3aaaf007b5ce,VALID_JSON
src/main/resources/assets/advancedrocketry/recipes/smallairlockdoor.json,minecraft:crafting_shaped,advancedrocketry:smallairlockdoor,b5aa12ed6fab63cc17b379d2a2cefc28d793446357e39ce666cfbc8b53753c88,VALID_JSON
src/main/resources/assets/advancedrocketry/recipes/solararray.json,minecraft:crafting_shaped,advancedrocketry:solararray,eb90c897c73c177445313539222d67044c540bc6f167c8b6f0dddf8d819b1a08,VALID_JSON
src/main/resources/assets/advancedrocketry/recipes/solararraypanel.json,minecraft:crafting_shaped,advancedrocketry:solararraypanel,9417e2f7f13f649249408b6ff467436c84e8141c127b1cbd113e77854ee59ff3,VALID_JSON
src/main/resources/assets/advancedrocketry/recipes/solargenerator.json,minecraft:crafting_shapeless,advancedrocketry:solargenerator,d1a23612f3cf99a36f594f446558b6a18f99d3a9e5a4d49eca929607f3ce87d7,VALID_JSON
src/main/resources/assets/advancedrocketry/recipes/solarpanel.json,minecraft:crafting_shaped,advancedrocketry:solarpanel,f5e147ec319457660764cc7e9b03febc76736b0614bb5caceb3722690948c3df,VALID_JSON
src/main/resources/assets/advancedrocketry/recipes/spaceboots.json,minecraft:crafting_shaped,advancedrocketry:spaceboots,70c437d3fccd8bdef6c4403eb2ab0dd1f8c0a7850676396c50bc9765483151ea,VALID_JSON
src/main/resources/assets/advancedrocketry/recipes/spacechestplate.json,minecraft:crafting_shaped,advancedrocketry:spacechestplate,4caa4c005514d0384e9279fef53ea86aab8a8bb4ee912e4b3fa2ef5d8132b4ec,VALID_JSON
src/main/resources/assets/advancedrocketry/recipes/spaceelevatorcontroller.json,minecraft:crafting_shaped,advancedrocketry:spaceelevatorcontroller,caae1126e02c47dffaa413ad22519ea46256c305fbc006056ac9a8c86aa34a96,VALID_JSON
src/main/resources/assets/advancedrocketry/recipes/spacehelmet.json,minecraft:crafting_shaped,advancedrocketry:spacehelmet,e49a843e90b99c7ec00f05788782899960893336a37ded531b953e643528a619,VALID_JSON
src/main/resources/assets/advancedrocketry/recipes/spacelaser.json,minecraft:crafting_shaped,advancedrocketry:spacelaser,4499019b6aac76387506bc6aa7209b88edd6871589a4bb40ce6659cbc84203c6,VALID_JSON
src/main/resources/assets/advancedrocketry/recipes/spaceleggings.json,minecraft:crafting_shaped,advancedrocketry:spaceleggings,ff3a2568f00d1a3651cf48f82cf4bebd2278971e9d27e4773d1cbbcd0e97c711,VALID_JSON
src/main/resources/assets/advancedrocketry/recipes/spacestationidchip.json,minecraft:crafting_shapeless,advancedrocketry:spacestationchip,2aa911b01fc2b45e7474113b81670001152e777cc86f745dcda807e89f972326,VALID_JSON
src/main/resources/assets/advancedrocketry/recipes/stationbuilder.json,minecraft:crafting_shaped,advancedrocketry:stationbuilder,844dd746e72454cbd28fe03074c848e7b5c577c3a0df044952f3e6854efc0462,VALID_JSON
src/main/resources/assets/advancedrocketry/recipes/stationmarker.json,minecraft:crafting_shapeless,advancedrocketry:stationmarker,1afec1ae529eb64d68886d113b79f91ad678d2f396f07abc064f92530bea8640,VALID_JSON
src/main/resources/assets/advancedrocketry/recipes/stickIron.json,minecraft:crafting_shaped,libvulpes:productrod,3036995ef576cfb1e649279f95a0fb7cec3c043321395d72d954d41745386a52,VALID_JSON
src/main/resources/assets/advancedrocketry/recipes/structuretower.json,minecraft:crafting_shaped,advancedrocketry:structuretower,780fa6e390f6006ffe1a9585be04433600564b51a3ef8f46ee616c72d4c3f60d,VALID_JSON
src/main/resources/assets/advancedrocketry/recipes/suitworkstation.json,minecraft:crafting_shaped,advancedrocketry:suitworkstation,b3c43a87ee354ea23aae942234a13300380d5890ea91337c7d0619a9a6be731d,VALID_JSON
src/main/resources/assets/advancedrocketry/recipes/superhighpressuretank.json,advancedrocketry:rollingmachine,,d4c595811ef7988529d7c894e9e1d50bd7b327a1a0173300208400bd5708dc59,VALID_JSON
src/main/resources/assets/advancedrocketry/recipes/terraformer.json,minecraft:crafting_shaped,advancedrocketry:terraformer,25dff8962dde81cd9f12670ffdcbea5f95abd8014c3098995c13a9c0aadbc6c9,VALID_JSON
src/main/resources/assets/advancedrocketry/recipes/thermite.json,minecraft:crafting_shapeless,advancedrocketry:thermite,9c2b4690750ce7059992067452bfc87393975cf024c8bfe909e6b7839aea65cf,VALID_JSON
src/main/resources/assets/advancedrocketry/recipes/thermitetorch.json,minecraft:crafting_shapeless,advancedrocketry:thermitetorch,3f474ece5a3c7046c067174678f1519b3d65bdea00c11e891df8980676dceb9d,VALID_JSON
src/main/resources/assets/advancedrocketry/recipes/trackingcircuit.json,advancedrocketry:precisionassembler,,0cc92151882af103e9b2f7702759910fd895e9754ce35c43249fc9c990f52553,VALID_JSON
src/main/resources/assets/advancedrocketry/recipes/userinterface.json,minecraft:crafting_shaped,advancedrocketry:misc,64125e22b34742c9c95a934d2fe7dcdbcc8c2f162326d57f4e30b1bc6b2e7470,VALID_JSON
src/main/resources/assets/advancedrocketry/recipes/vacuumlaser.json,minecraft:crafting_shaped,advancedrocketry:vacuumlaser,729b17b789d758b09e4f92cd8ededfe693df450ddc17e8f1124a23dfa8c96e2f,VALID_JSON
src/main/resources/assets/advancedrocketry/recipes/warpcore.json,minecraft:crafting_shaped,advancedrocketry:warpcore,02e12c0c0d36bf8b54a4524206c850affbd631d65ccb72dfb66d4409b03d9717,VALID_JSON
src/main/resources/assets/advancedrocketry/recipes/warpmonitor.json,minecraft:crafting_shaped,advancedrocketry:warpmonitor,6e82503ef7ff0dd7182afeaa1d36365bcc9c158761439d14173682174b47134c,VALID_JSON
src/main/resources/assets/advancedrocketry/recipes/wirelesstransciever.json,minecraft:crafting_shaped,advancedrocketry:wirelesstransciever,6471a195de7dd7ca2cf4f385838af704bf04c70425c3c9ec20abc15507c95367,VALID_JSON
