path,line,registry_kind,declaration
src/main/java/zmaster587/advancedRocketry/AdvancedRocketry.java,1097,legacy_registry,"GameRegistry.registerWorldGenerator(new OreGenerator(), 100);"
src/main/java/zmaster587/advancedRocketry/AdvancedRocketry.java,181,legacy_registry,public void register(RegistryEvent.Register<Biome> evt)
src/main/java/zmaster587/advancedRocketry/AdvancedRocketry.java,28,legacy_registry,import net.minecraftforge.event.RegistryEvent;
src/main/java/zmaster587/advancedRocketry/AdvancedRocketry.java,355,tile_entity,"GameRegistry.registerTileEntity(TileRocketAssemblingMachine.class, ""ARrocketBuilder"");"
src/main/java/zmaster587/advancedRocketry/AdvancedRocketry.java,356,tile_entity,"GameRegistry.registerTileEntity(TileWarpCore.class, ""ARwarpCore"");"
src/main/java/zmaster587/advancedRocketry/AdvancedRocketry.java,357,tile_entity,"//GameRegistry.registerTileEntity(TileModelRender.class, ""ARmodelRenderer"");"
src/main/java/zmaster587/advancedRocketry/AdvancedRocketry.java,358,tile_entity,"GameRegistry.registerTileEntity(TileFuelingStation.class, ""ARfuelingStation"");"
src/main/java/zmaster587/advancedRocketry/AdvancedRocketry.java,359,tile_entity,"GameRegistry.registerTileEntity(TileRocketMonitoringStation.class, ""ARmonitoringStation"");"
src/main/java/zmaster587/advancedRocketry/AdvancedRocketry.java,360,tile_entity,"//GameRegistry.registerTileEntity(TileMissionController.class, ""ARmissionControlComp"");"
src/main/java/zmaster587/advancedRocketry/AdvancedRocketry.java,361,tile_entity,"GameRegistry.registerTileEntity(TileOrbitalLaserDrill.class, ""ARspaceLaser"");"
src/main/java/zmaster587/advancedRocketry/AdvancedRocketry.java,362,tile_entity,"GameRegistry.registerTileEntity(TilePrecisionAssembler.class, ""ARprecisionAssembler"");"
src/main/java/zmaster587/advancedRocketry/AdvancedRocketry.java,363,tile_entity,"GameRegistry.registerTileEntity(TileObservatory.class, ""ARobservatory"");"
src/main/java/zmaster587/advancedRocketry/AdvancedRocketry.java,364,tile_entity,"GameRegistry.registerTileEntity(TileCrystallizer.class, ""ARcrystallizer"");"
src/main/java/zmaster587/advancedRocketry/AdvancedRocketry.java,365,tile_entity,"GameRegistry.registerTileEntity(TileCuttingMachine.class, ""ARcuttingmachine"");"
src/main/java/zmaster587/advancedRocketry/AdvancedRocketry.java,366,tile_entity,"GameRegistry.registerTileEntity(TileDataBus.class, ""ARdataBus"");"
src/main/java/zmaster587/advancedRocketry/AdvancedRocketry.java,367,tile_entity,"GameRegistry.registerTileEntity(TileSatelliteHatch.class, ""ARsatelliteHatch"");"
src/main/java/zmaster587/advancedRocketry/AdvancedRocketry.java,368,tile_entity,"GameRegistry.registerTileEntity(TileGuidanceComputerAccessHatch.class, ""ARguidanceComputerHatch"");"
src/main/java/zmaster587/advancedRocketry/AdvancedRocketry.java,369,tile_entity,"GameRegistry.registerTileEntity(TileSatelliteBuilder.class, ""ARsatelliteBuilder"");"
src/main/java/zmaster587/advancedRocketry/AdvancedRocketry.java,370,tile_entity,"GameRegistry.registerTileEntity(TileSatelliteTerminal.class, ""ARTileEntitySatelliteControlCenter"");"
src/main/java/zmaster587/advancedRocketry/AdvancedRocketry.java,371,tile_entity,"GameRegistry.registerTileEntity(TileAstrobodyDataProcessor.class, ""ARplanetAnalyser"");"
src/main/java/zmaster587/advancedRocketry/AdvancedRocketry.java,372,tile_entity,"GameRegistry.registerTileEntity(TileGuidanceComputer.class, ""ARguidanceComputer"");"
src/main/java/zmaster587/advancedRocketry/AdvancedRocketry.java,373,tile_entity,"GameRegistry.registerTileEntity(TileElectricArcFurnace.class, ""ARelectricArcFurnace"");"
src/main/java/zmaster587/advancedRocketry/AdvancedRocketry.java,374,tile_entity,"GameRegistry.registerTileEntity(TilePlanetSelector.class, ""ARTilePlanetSelector"");"
src/main/java/zmaster587/advancedRocketry/AdvancedRocketry.java,375,tile_entity,"//GameRegistry.registerTileEntity(TileModelRenderRotatable.class, ""ARTileModelRenderRotatable"");"
src/main/java/zmaster587/advancedRocketry/AdvancedRocketry.java,376,tile_entity,"GameRegistry.registerTileEntity(TileMaterial.class, ""ARTileMaterial"");"
src/main/java/zmaster587/advancedRocketry/AdvancedRocketry.java,377,tile_entity,"GameRegistry.registerTileEntity(TileLathe.class, ""ARTileLathe"");"
src/main/java/zmaster587/advancedRocketry/AdvancedRocketry.java,378,tile_entity,"GameRegistry.registerTileEntity(TileRollingMachine.class, ""ARTileMetalBender"");"
src/main/java/zmaster587/advancedRocketry/AdvancedRocketry.java,379,tile_entity,"GameRegistry.registerTileEntity(TileStationAssembler.class, ""ARStationBuilder"");"
src/main/java/zmaster587/advancedRocketry/AdvancedRocketry.java,380,tile_entity,"GameRegistry.registerTileEntity(TileElectrolyser.class, ""ARElectrolyser"");"
src/main/java/zmaster587/advancedRocketry/AdvancedRocketry.java,381,tile_entity,"GameRegistry.registerTileEntity(TileChemicalReactor.class, ""ARChemicalReactor"");"
src/main/java/zmaster587/advancedRocketry/AdvancedRocketry.java,382,tile_entity,"GameRegistry.registerTileEntity(TileOxygenVent.class, ""AROxygenVent"");"
src/main/java/zmaster587/advancedRocketry/AdvancedRocketry.java,383,tile_entity,"GameRegistry.registerTileEntity(TileGasChargePad.class, ""AROxygenCharger"");"
src/main/java/zmaster587/advancedRocketry/AdvancedRocketry.java,384,tile_entity,"GameRegistry.registerTileEntity(TileCO2Scrubber.class, ""ARCO2Scrubber"");"
src/main/java/zmaster587/advancedRocketry/AdvancedRocketry.java,385,tile_entity,"GameRegistry.registerTileEntity(TileWarpController.class, ""ARStationMonitor"");"
src/main/java/zmaster587/advancedRocketry/AdvancedRocketry.java,386,tile_entity,"GameRegistry.registerTileEntity(TileAtmosphereDetector.class, ""AROxygenDetector"");"
src/main/java/zmaster587/advancedRocketry/AdvancedRocketry.java,387,tile_entity,"GameRegistry.registerTileEntity(TileStationOrientationController.class, ""AROrientationControl"");"
src/main/java/zmaster587/advancedRocketry/AdvancedRocketry.java,388,tile_entity,"GameRegistry.registerTileEntity(TileStationGravityController.class, ""ARGravityControl"");"
src/main/java/zmaster587/advancedRocketry/AdvancedRocketry.java,389,tile_entity,"GameRegistry.registerTileEntity(TileLiquidPipe.class, ""ARLiquidPipe"");"
src/main/java/zmaster587/advancedRocketry/AdvancedRocketry.java,390,tile_entity,"GameRegistry.registerTileEntity(TileDataPipe.class, ""ARDataPipe"");"
src/main/java/zmaster587/advancedRocketry/AdvancedRocketry.java,391,tile_entity,"GameRegistry.registerTileEntity(TileEnergyPipe.class, ""AREnergyPipe"");"
src/main/java/zmaster587/advancedRocketry/AdvancedRocketry.java,392,tile_entity,"GameRegistry.registerTileEntity(TileMicrowaveReciever.class, ""ARMicrowaveReciever"");"
src/main/java/zmaster587/advancedRocketry/AdvancedRocketry.java,393,tile_entity,"GameRegistry.registerTileEntity(TileSuitWorkStation.class, ""ARSuitWorkStation"");"
src/main/java/zmaster587/advancedRocketry/AdvancedRocketry.java,394,tile_entity,"GameRegistry.registerTileEntity(TileRocketLoader.class, ""ARRocketLoader"");"
src/main/java/zmaster587/advancedRocketry/AdvancedRocketry.java,395,tile_entity,"GameRegistry.registerTileEntity(TileRocketUnloader.class, ""ARRocketUnloader"");"
src/main/java/zmaster587/advancedRocketry/AdvancedRocketry.java,396,tile_entity,"GameRegistry.registerTileEntity(TileBiomeScanner.class, ""ARBiomeScanner"");"
src/main/java/zmaster587/advancedRocketry/AdvancedRocketry.java,397,tile_entity,"GameRegistry.registerTileEntity(TileAtmosphereTerraformer.class, ""ARAttTerraformer"");"
src/main/java/zmaster587/advancedRocketry/AdvancedRocketry.java,398,tile_entity,"GameRegistry.registerTileEntity(TileLandingPad.class, ""ARLandingPad"");"
src/main/java/zmaster587/advancedRocketry/AdvancedRocketry.java,399,tile_entity,"GameRegistry.registerTileEntity(TileUnmannedVehicleAssembler.class, ""ARStationDeployableRocketAssembler"");"
src/main/java/zmaster587/advancedRocketry/AdvancedRocketry.java,400,tile_entity,"GameRegistry.registerTileEntity(TileFluidTank.class, ""ARFluidTank"");"
src/main/java/zmaster587/advancedRocketry/AdvancedRocketry.java,401,tile_entity,"GameRegistry.registerTileEntity(TileRocketFluidUnloader.class, ""ARFluidUnloader"");"
src/main/java/zmaster587/advancedRocketry/AdvancedRocketry.java,402,tile_entity,"GameRegistry.registerTileEntity(TileRocketFluidLoader.class, ""ARFluidLoader"");"
src/main/java/zmaster587/advancedRocketry/AdvancedRocketry.java,403,tile_entity,"GameRegistry.registerTileEntity(TileSolarPanel.class, ""ARSolarGenerator"");"
src/main/java/zmaster587/advancedRocketry/AdvancedRocketry.java,404,tile_entity,"GameRegistry.registerTileEntity(TileDockingPort.class, ""ARDockingPort"");"
src/main/java/zmaster587/advancedRocketry/AdvancedRocketry.java,405,tile_entity,"GameRegistry.registerTileEntity(TileStationAltitudeController.class, ""ARStationAltitudeController"");"
src/main/java/zmaster587/advancedRocketry/AdvancedRocketry.java,406,tile_entity,"GameRegistry.registerTileEntity(TileRailgun.class, ""ARRailgun"");"
src/main/java/zmaster587/advancedRocketry/AdvancedRocketry.java,407,tile_entity,"GameRegistry.registerTileEntity(TileHolographicPlanetSelector.class, ""ARplanetHoloSelector"");"
src/main/java/zmaster587/advancedRocketry/AdvancedRocketry.java,408,tile_entity,"GameRegistry.registerTileEntity(TileForceFieldProjector.class, ""ARForceFieldProjector"");"
src/main/java/zmaster587/advancedRocketry/AdvancedRocketry.java,409,tile_entity,"GameRegistry.registerTileEntity(TileSeal.class, ""ARBlockSeal"");"
src/main/java/zmaster587/advancedRocketry/AdvancedRocketry.java,410,tile_entity,"GameRegistry.registerTileEntity(TileSpaceElevator.class, ""ARSpaceElevator"");"
src/main/java/zmaster587/advancedRocketry/AdvancedRocketry.java,411,tile_entity,"GameRegistry.registerTileEntity(TileBeacon.class, ""ARBeacon"");"
src/main/java/zmaster587/advancedRocketry/AdvancedRocketry.java,412,tile_entity,"GameRegistry.registerTileEntity(TileWirelessTransciever.class, ""ARTransciever"");"
src/main/java/zmaster587/advancedRocketry/AdvancedRocketry.java,413,tile_entity,"GameRegistry.registerTileEntity(TileBlackHoleGenerator.class, ""ARblackholegenerator"");"
src/main/java/zmaster587/advancedRocketry/AdvancedRocketry.java,414,tile_entity,"GameRegistry.registerTileEntity(TilePump.class, new ResourceLocation(Constants.modId, ""ARpump""));"
src/main/java/zmaster587/advancedRocketry/AdvancedRocketry.java,415,tile_entity,"GameRegistry.registerTileEntity(TileCentrifuge.class, new ResourceLocation(Constants.modId, ""ARCentrifuge""));"
src/main/java/zmaster587/advancedRocketry/AdvancedRocketry.java,416,tile_entity,"GameRegistry.registerTileEntity(TilePrecisionLaserEtcher.class, new ResourceLocation(Constants.modId, ""ARPrecisionLaserEtcher""));"
src/main/java/zmaster587/advancedRocketry/AdvancedRocketry.java,417,tile_entity,"GameRegistry.registerTileEntity(TileSolarArray.class, new ResourceLocation(Constants.modId, ""ARSolarArray""));"
src/main/java/zmaster587/advancedRocketry/AdvancedRocketry.java,42,legacy_registry,import net.minecraftforge.fml.common.registry.GameRegistry;
src/main/java/zmaster587/advancedRocketry/AdvancedRocketry.java,420,tile_entity,"GameRegistry.registerTileEntity(TileAreaGravityController.class, ""ARGravityMachine"");"
src/main/java/zmaster587/advancedRocketry/AdvancedRocketry.java,465,legacy_registry,public void registerEnchants(RegistryEvent.Register<Enchantment> evt)
src/main/java/zmaster587/advancedRocketry/AdvancedRocketry.java,474,legacy_registry,public void registerItems(RegistryEvent.Register<Item> evt)
src/main/java/zmaster587/advancedRocketry/AdvancedRocketry.java,540,legacy_registry,"LibVulpesBlocks.registerItem(AdvancedRocketryItems.itemWafer.setRegistryName(""wafer""));"
src/main/java/zmaster587/advancedRocketry/AdvancedRocketry.java,541,legacy_registry,"LibVulpesBlocks.registerItem(AdvancedRocketryItems.itemCircuitPlate.setRegistryName(""itemCircuitPlate""));"
src/main/java/zmaster587/advancedRocketry/AdvancedRocketry.java,542,legacy_registry,"LibVulpesBlocks.registerItem(AdvancedRocketryItems.itemIC.setRegistryName(""ic""));"
src/main/java/zmaster587/advancedRocketry/AdvancedRocketry.java,544,legacy_registry,"LibVulpesBlocks.registerItem(AdvancedRocketryItems.itemSatelliteIdChip.setRegistryName(""satelliteIdChip""));"
src/main/java/zmaster587/advancedRocketry/AdvancedRocketry.java,545,legacy_registry,"LibVulpesBlocks.registerItem(AdvancedRocketryItems.itemPlanetIdChip.setRegistryName(""planetIdChip""));"
src/main/java/zmaster587/advancedRocketry/AdvancedRocketry.java,546,legacy_registry,"LibVulpesBlocks.registerItem(AdvancedRocketryItems.itemAsteroidChip.setRegistryName(""asteroidChip""));"
src/main/java/zmaster587/advancedRocketry/AdvancedRocketry.java,547,legacy_registry,"LibVulpesBlocks.registerItem(AdvancedRocketryItems.itemSpaceElevatorChip.setRegistryName(""elevatorChip""));"
src/main/java/zmaster587/advancedRocketry/AdvancedRocketry.java,548,legacy_registry,"LibVulpesBlocks.registerItem(AdvancedRocketryItems.itemSpaceStationChip.setRegistryName(""spaceStationChip""));"
src/main/java/zmaster587/advancedRocketry/AdvancedRocketry.java,549,legacy_registry,"LibVulpesBlocks.registerItem(AdvancedRocketryItems.itemDataUnit.setRegistryName(""dataUnit""));"
src/main/java/zmaster587/advancedRocketry/AdvancedRocketry.java,551,legacy_registry,"LibVulpesBlocks.registerItem(AdvancedRocketryItems.itemSatellite.setRegistryName(""satellite""));"
src/main/java/zmaster587/advancedRocketry/AdvancedRocketry.java,552,legacy_registry,"LibVulpesBlocks.registerItem(AdvancedRocketryItems.itemSatellitePowerSource.setRegistryName(""satellitePowerSource""));"
src/main/java/zmaster587/advancedRocketry/AdvancedRocketry.java,553,legacy_registry,"LibVulpesBlocks.registerItem(AdvancedRocketryItems.itemSatellitePrimaryFunction.setRegistryName(""satellitePrimaryFunction""));"
src/main/java/zmaster587/advancedRocketry/AdvancedRocketry.java,555,legacy_registry,"LibVulpesBlocks.registerItem(AdvancedRocketryItems.itemSpaceSuit_Helmet.setRegistryName(""spaceHelmet""));"
src/main/java/zmaster587/advancedRocketry/AdvancedRocketry.java,556,legacy_registry,"LibVulpesBlocks.registerItem(AdvancedRocketryItems.itemSpaceSuit_Chest.setRegistryName(""spaceChestplate""));"
src/main/java/zmaster587/advancedRocketry/AdvancedRocketry.java,557,legacy_registry,"LibVulpesBlocks.registerItem(AdvancedRocketryItems.itemSpaceSuit_Leggings.setRegistryName(""spaceLeggings""));"
src/main/java/zmaster587/advancedRocketry/AdvancedRocketry.java,558,legacy_registry,"LibVulpesBlocks.registerItem(AdvancedRocketryItems.itemSpaceSuit_Boots.setRegistryName(""spaceBoots""));"
src/main/java/zmaster587/advancedRocketry/AdvancedRocketry.java,560,legacy_registry,"LibVulpesBlocks.registerItem(AdvancedRocketryItems.itemPressureTank.setRegistryName(""pressureTank""));"
src/main/java/zmaster587/advancedRocketry/AdvancedRocketry.java,561,legacy_registry,"LibVulpesBlocks.registerItem(AdvancedRocketryItems.itemUpgrade.setRegistryName(""itemUpgrade""));"
src/main/java/zmaster587/advancedRocketry/AdvancedRocketry.java,562,legacy_registry,"LibVulpesBlocks.registerItem(AdvancedRocketryItems.itemBeaconFinder.setRegistryName(""beaconFinder""));"
src/main/java/zmaster587/advancedRocketry/AdvancedRocketry.java,563,legacy_registry,"LibVulpesBlocks.registerItem(AdvancedRocketryItems.itemJetpack.setRegistryName(""jetPack""));"
src/main/java/zmaster587/advancedRocketry/AdvancedRocketry.java,565,legacy_registry,"LibVulpesBlocks.registerItem(AdvancedRocketryItems.itemAtmAnalyser.setRegistryName(""atmAnalyser""));"
src/main/java/zmaster587/advancedRocketry/AdvancedRocketry.java,566,legacy_registry,"LibVulpesBlocks.registerItem(AdvancedRocketryItems.itemSealDetector.setRegistryName(""sealDetector""));"
src/main/java/zmaster587/advancedRocketry/AdvancedRocketry.java,567,legacy_registry,"LibVulpesBlocks.registerItem(AdvancedRocketryItems.itemOreScanner.setRegistryName(""oreScanner""));"
src/main/java/zmaster587/advancedRocketry/AdvancedRocketry.java,569,legacy_registry,"LibVulpesBlocks.registerItem(AdvancedRocketryItems.itemBiomeChanger.setRegistryName(""biomeChanger""));"
src/main/java/zmaster587/advancedRocketry/AdvancedRocketry.java,570,legacy_registry,"LibVulpesBlocks.registerItem(AdvancedRocketryItems.itemJackhammer.setRegistryName(""jackHammer""));"
src/main/java/zmaster587/advancedRocketry/AdvancedRocketry.java,571,legacy_registry,"LibVulpesBlocks.registerItem(AdvancedRocketryItems.itemBasicLaserGun.setRegistryName(""basicLaserGun""));"
src/main/java/zmaster587/advancedRocketry/AdvancedRocketry.java,573,legacy_registry,"LibVulpesBlocks.registerItem(AdvancedRocketryItems.itemMisc.setRegistryName(""misc""));"
src/main/java/zmaster587/advancedRocketry/AdvancedRocketry.java,574,legacy_registry,"LibVulpesBlocks.registerItem(AdvancedRocketryItems.itemSawBlade.setRegistryName(""sawBladeIron""));"
src/main/java/zmaster587/advancedRocketry/AdvancedRocketry.java,575,legacy_registry,"LibVulpesBlocks.registerItem(AdvancedRocketryItems.itemQuartzCrucible.setRegistryName(""iquartzcrucible""));"
src/main/java/zmaster587/advancedRocketry/AdvancedRocketry.java,576,legacy_registry,"LibVulpesBlocks.registerItem(AdvancedRocketryItems.itemLens.setRegistryName(""lens""));"
src/main/java/zmaster587/advancedRocketry/AdvancedRocketry.java,577,legacy_registry,"LibVulpesBlocks.registerItem(AdvancedRocketryItems.itemThermite.setRegistryName(""thermite""));"
src/main/java/zmaster587/advancedRocketry/AdvancedRocketry.java,578,legacy_registry,"LibVulpesBlocks.registerItem(AdvancedRocketryItems.itemCarbonScrubberCartridge.setRegistryName(""carbonScrubberCartridge""));"
src/main/java/zmaster587/advancedRocketry/AdvancedRocketry.java,579,legacy_registry,"LibVulpesBlocks.registerItem(AdvancedRocketryItems.itemSmallAirlockDoor.setRegistryName(""smallAirlockDoor""));"
src/main/java/zmaster587/advancedRocketry/AdvancedRocketry.java,580,legacy_registry,"LibVulpesBlocks.registerItem(AdvancedRocketryItems.itemHovercraft.setRegistryName(""hoverCraft""));"
src/main/java/zmaster587/advancedRocketry/AdvancedRocketry.java,581,legacy_registry,"LibVulpesBlocks.registerItem(AdvancedRocketryItems.itemSpaceStation.setRegistryName(""spaceStation""));"
src/main/java/zmaster587/advancedRocketry/AdvancedRocketry.java,598,legacy_registry,public void registerBlocks(RegistryEvent.Register<Block> evt)
src/main/java/zmaster587/advancedRocketry/AdvancedRocketry.java,765,legacy_registry,"//LibVulpesBlocks.registerBlock(AdvancedRocketryBlocks.blockDataPipe.setRegistryName(""dataPipe""));"
src/main/java/zmaster587/advancedRocketry/AdvancedRocketry.java,766,legacy_registry,"//LibVulpesBlocks.registerBlock(AdvancedRocketryBlocks.blockEnergyPipe.setRegistryName(""energyPipe""));"
src/main/java/zmaster587/advancedRocketry/AdvancedRocketry.java,767,legacy_registry,"//LibVulpesBlocks.registerBlock(AdvancedRocketryBlocks.blockFluidPipe.setRegistryName(""liquidPipe""));"
src/main/java/zmaster587/advancedRocketry/AdvancedRocketry.java,773,legacy_registry,"LibVulpesBlocks.registerBlock(AdvancedRocketryBlocks.blockConcrete.setRegistryName(""concrete""));"
src/main/java/zmaster587/advancedRocketry/AdvancedRocketry.java,774,legacy_registry,"LibVulpesBlocks.registerBlock(AdvancedRocketryBlocks.blockBlastBrick.setRegistryName(""blastbrick""));"
src/main/java/zmaster587/advancedRocketry/AdvancedRocketry.java,775,legacy_registry,"LibVulpesBlocks.registerBlock(AdvancedRocketryBlocks.blockStructureTower.setRegistryName(""structureTower""));"
src/main/java/zmaster587/advancedRocketry/AdvancedRocketry.java,776,legacy_registry,"LibVulpesBlocks.registerBlock(AdvancedRocketryBlocks.blockLens.setRegistryName(""blockLens""));"
src/main/java/zmaster587/advancedRocketry/AdvancedRocketry.java,777,legacy_registry,"LibVulpesBlocks.registerBlock(AdvancedRocketryBlocks.blockSolarPanel.setRegistryName(""solarPanel""));"
src/main/java/zmaster587/advancedRocketry/AdvancedRocketry.java,778,legacy_registry,"LibVulpesBlocks.registerBlock(AdvancedRocketryBlocks.blockSolarArrayPanel.setRegistryName(""solararraypanel""));"
src/main/java/zmaster587/advancedRocketry/AdvancedRocketry.java,779,legacy_registry,"LibVulpesBlocks.registerBlock(AdvancedRocketryBlocks.blockQuartzCrucible.setRegistryName(""quartzcrucible""), null, false);"
src/main/java/zmaster587/advancedRocketry/AdvancedRocketry.java,780,legacy_registry,"LibVulpesBlocks.registerBlock(AdvancedRocketryBlocks.blockSawBlade.setRegistryName(""sawBlade""));"
src/main/java/zmaster587/advancedRocketry/AdvancedRocketry.java,782,legacy_registry,"LibVulpesBlocks.registerBlock(AdvancedRocketryBlocks.blockPlatePress.setRegistryName(""platepress""));"
src/main/java/zmaster587/advancedRocketry/AdvancedRocketry.java,783,legacy_registry,"LibVulpesBlocks.registerBlock(AdvancedRocketryBlocks.blockForceFieldProjector.setRegistryName(""forceFieldProjector""));"
src/main/java/zmaster587/advancedRocketry/AdvancedRocketry.java,784,legacy_registry,"LibVulpesBlocks.registerBlock(AdvancedRocketryBlocks.blockForceField.setRegistryName(""forceField""));"
src/main/java/zmaster587/advancedRocketry/AdvancedRocketry.java,785,legacy_registry,"LibVulpesBlocks.registerBlock(AdvancedRocketryBlocks.blockVacuumLaser.setRegistryName(""vacuumLaser""));"
src/main/java/zmaster587/advancedRocketry/AdvancedRocketry.java,786,legacy_registry,"LibVulpesBlocks.registerBlock(AdvancedRocketryBlocks.blockPump.setRegistryName(""blockPump""));"
src/main/java/zmaster587/advancedRocketry/AdvancedRocketry.java,787,legacy_registry,"LibVulpesBlocks.registerBlock(AdvancedRocketryBlocks.blockSuitWorkStation.setRegistryName(""suitWorkStation""));"
src/main/java/zmaster587/advancedRocketry/AdvancedRocketry.java,788,legacy_registry,"LibVulpesBlocks.registerBlock(AdvancedRocketryBlocks.blockPressureTank.setRegistryName(""liquidTank""), ItemBlockFluidTank.class, true);"
src/main/java/zmaster587/advancedRocketry/AdvancedRocketry.java,789,legacy_registry,"LibVulpesBlocks.registerBlock(AdvancedRocketryBlocks.blockSolarGenerator.setRegistryName(""solarGenerator""));"
src/main/java/zmaster587/advancedRocketry/AdvancedRocketry.java,790,legacy_registry,"LibVulpesBlocks.registerBlock(AdvancedRocketryBlocks.blockTransciever.setRegistryName(""wirelessTransciever""));"
src/main/java/zmaster587/advancedRocketry/AdvancedRocketry.java,793,legacy_registry,"LibVulpesBlocks.registerBlock(AdvancedRocketryBlocks.blockArcFurnace.setRegistryName(""arcfurnace""));"
src/main/java/zmaster587/advancedRocketry/AdvancedRocketry.java,794,legacy_registry,"LibVulpesBlocks.registerBlock(AdvancedRocketryBlocks.blockRollingMachine.setRegistryName(""rollingMachine""));"
src/main/java/zmaster587/advancedRocketry/AdvancedRocketry.java,795,legacy_registry,"LibVulpesBlocks.registerBlock(AdvancedRocketryBlocks.blockLathe.setRegistryName(""lathe""));"
src/main/java/zmaster587/advancedRocketry/AdvancedRocketry.java,796,legacy_registry,"LibVulpesBlocks.registerBlock(AdvancedRocketryBlocks.blockCrystallizer.setRegistryName(""crystallizer""));"
src/main/java/zmaster587/advancedRocketry/AdvancedRocketry.java,797,legacy_registry,"LibVulpesBlocks.registerBlock(AdvancedRocketryBlocks.blockCuttingMachine.setRegistryName(""cuttingMachine""));"
src/main/java/zmaster587/advancedRocketry/AdvancedRocketry.java,798,legacy_registry,"LibVulpesBlocks.registerBlock(AdvancedRocketryBlocks.blockPrecisionAssembler.setRegistryName(""precisionassemblingmachine""));"
src/main/java/zmaster587/advancedRocketry/AdvancedRocketry.java,799,legacy_registry,"LibVulpesBlocks.registerBlock(AdvancedRocketryBlocks.blockElectrolyser.setRegistryName(""electrolyser""));"
src/main/java/zmaster587/advancedRocketry/AdvancedRocketry.java,800,legacy_registry,"LibVulpesBlocks.registerBlock(AdvancedRocketryBlocks.blockChemicalReactor.setRegistryName(""chemicalReactor""));"
src/main/java/zmaster587/advancedRocketry/AdvancedRocketry.java,802,legacy_registry,"LibVulpesBlocks.registerBlock(AdvancedRocketryBlocks.blockPrecisionLaserEngraver.setRegistryName(""precisionlaseretcher""));"
src/main/java/zmaster587/advancedRocketry/AdvancedRocketry.java,803,legacy_registry,"LibVulpesBlocks.registerBlock(AdvancedRocketryBlocks.blockObservatory.setRegistryName(""observatory""));"
src/main/java/zmaster587/advancedRocketry/AdvancedRocketry.java,804,legacy_registry,"LibVulpesBlocks.registerBlock(AdvancedRocketryBlocks.blockPlanetAnalyser.setRegistryName(""planetAnalyser""));"
src/main/java/zmaster587/advancedRocketry/AdvancedRocketry.java,805,legacy_registry,"LibVulpesBlocks.registerBlock(AdvancedRocketryBlocks.blockCentrifuge.setRegistryName(""centrifuge""));"
src/main/java/zmaster587/advancedRocketry/AdvancedRocketry.java,806,legacy_registry,"LibVulpesBlocks.registerBlock(AdvancedRocketryBlocks.blockSatelliteBuilder.setRegistryName(""satelliteBuilder""));"
src/main/java/zmaster587/advancedRocketry/AdvancedRocketry.java,808,legacy_registry,"LibVulpesBlocks.registerBlock(AdvancedRocketryBlocks.blockBlackHoleGenerator.setRegistryName(""blackholegenerator""));"
src/main/java/zmaster587/advancedRocketry/AdvancedRocketry.java,809,legacy_registry,"LibVulpesBlocks.registerBlock(AdvancedRocketryBlocks.blockMicrowaveReciever.setRegistryName(""microwaveReciever""));"
src/main/java/zmaster587/advancedRocketry/AdvancedRocketry.java,810,legacy_registry,"LibVulpesBlocks.registerBlock(AdvancedRocketryBlocks.blockSolarArray.setRegistryName(""solararray""));"
src/main/java/zmaster587/advancedRocketry/AdvancedRocketry.java,812,legacy_registry,"LibVulpesBlocks.registerBlock(AdvancedRocketryBlocks.blockWarpCore.setRegistryName(""warpCore""));"
src/main/java/zmaster587/advancedRocketry/AdvancedRocketry.java,813,legacy_registry,"LibVulpesBlocks.registerBlock(AdvancedRocketryBlocks.blockBeacon.setRegistryName(""beacon""));"
src/main/java/zmaster587/advancedRocketry/AdvancedRocketry.java,814,legacy_registry,"LibVulpesBlocks.registerBlock(AdvancedRocketryBlocks.blockBiomeScanner.setRegistryName(""biomeScanner""));"
src/main/java/zmaster587/advancedRocketry/AdvancedRocketry.java,815,legacy_registry,"LibVulpesBlocks.registerBlock(AdvancedRocketryBlocks.blockRailgun .setRegistryName(""railgun""));"
src/main/java/zmaster587/advancedRocketry/AdvancedRocketry.java,816,legacy_registry,"LibVulpesBlocks.registerBlock(AdvancedRocketryBlocks.blockSpaceElevatorController.setRegistryName(""spaceElevatorController""));"
src/main/java/zmaster587/advancedRocketry/AdvancedRocketry.java,819,legacy_registry,"LibVulpesBlocks.registerBlock(AdvancedRocketryBlocks.blockAtmosphereTerraformer.setRegistryName(""terraformer""));"
src/main/java/zmaster587/advancedRocketry/AdvancedRocketry.java,821,legacy_registry,"LibVulpesBlocks.registerBlock(AdvancedRocketryBlocks.blockGravityMachine.setRegistryName(""gravityMachine""));"
src/main/java/zmaster587/advancedRocketry/AdvancedRocketry.java,823,legacy_registry,"LibVulpesBlocks.registerBlock(AdvancedRocketryBlocks.blockSpaceLaser.setRegistryName(""spaceLaser""));"
src/main/java/zmaster587/advancedRocketry/AdvancedRocketry.java,825,legacy_registry,"LibVulpesBlocks.registerBlock(AdvancedRocketryBlocks.blockLaunchpad.setRegistryName(""launchpad""));"
src/main/java/zmaster587/advancedRocketry/AdvancedRocketry.java,826,legacy_registry,"LibVulpesBlocks.registerBlock(AdvancedRocketryBlocks.blockLandingPad.setRegistryName(""landingPad""));"
src/main/java/zmaster587/advancedRocketry/AdvancedRocketry.java,827,legacy_registry,"LibVulpesBlocks.registerBlock(AdvancedRocketryBlocks.blockDockingPort.setRegistryName(""stationMarker""));"
src/main/java/zmaster587/advancedRocketry/AdvancedRocketry.java,829,legacy_registry,"LibVulpesBlocks.registerBlock(AdvancedRocketryBlocks.blockGenericSeat.setRegistryName(""seat""));"
src/main/java/zmaster587/advancedRocketry/AdvancedRocketry.java,830,legacy_registry,"LibVulpesBlocks.registerBlock(AdvancedRocketryBlocks.blockEngine.setRegistryName(""rocketmotor""));"
src/main/java/zmaster587/advancedRocketry/AdvancedRocketry.java,831,legacy_registry,"LibVulpesBlocks.registerBlock(AdvancedRocketryBlocks.blockBipropellantEngine.setRegistryName(""bipropellantrocketmotor""));"
src/main/java/zmaster587/advancedRocketry/AdvancedRocketry.java,832,legacy_registry,"LibVulpesBlocks.registerBlock(AdvancedRocketryBlocks.blockAdvEngine.setRegistryName(""advRocketmotor""));"
src/main/java/zmaster587/advancedRocketry/AdvancedRocketry.java,833,legacy_registry,"LibVulpesBlocks.registerBlock(AdvancedRocketryBlocks.blockAdvBipropellantEngine.setRegistryName(""advbipropellantRocketmotor""));"
src/main/java/zmaster587/advancedRocketry/AdvancedRocketry.java,834,legacy_registry,"LibVulpesBlocks.registerBlock(AdvancedRocketryBlocks.blockNuclearEngine.setRegistryName(""nuclearrocketmotor""));"
src/main/java/zmaster587/advancedRocketry/AdvancedRocketry.java,835,legacy_registry,"LibVulpesBlocks.registerBlock(AdvancedRocketryBlocks.blockFuelTank.setRegistryName(""fuelTank""));"
src/main/java/zmaster587/advancedRocketry/AdvancedRocketry.java,836,legacy_registry,"LibVulpesBlocks.registerBlock(AdvancedRocketryBlocks.blockBipropellantFuelTank.setRegistryName(""bipropellantfueltank""));"
src/main/java/zmaster587/advancedRocketry/AdvancedRocketry.java,837,legacy_registry,"LibVulpesBlocks.registerBlock(AdvancedRocketryBlocks.blockOxidizerFuelTank.setRegistryName(""oxidizerfueltank""));"
src/main/java/zmaster587/advancedRocketry/AdvancedRocketry.java,838,legacy_registry,"LibVulpesBlocks.registerBlock(AdvancedRocketryBlocks.blockNuclearFuelTank.setRegistryName(""nuclearfueltank""));"
src/main/java/zmaster587/advancedRocketry/AdvancedRocketry.java,839,legacy_registry,"LibVulpesBlocks.registerBlock(AdvancedRocketryBlocks.blockNuclearCore.setRegistryName(""nuclearcore""));"
src/main/java/zmaster587/advancedRocketry/AdvancedRocketry.java,840,legacy_registry,"LibVulpesBlocks.registerBlock(AdvancedRocketryBlocks.blockGuidanceComputer.setRegistryName(""guidanceComputer""));"
src/main/java/zmaster587/advancedRocketry/AdvancedRocketry.java,841,legacy_registry,"LibVulpesBlocks.registerBlock(AdvancedRocketryBlocks.blockIntake.setRegistryName(""intake""));"
src/main/java/zmaster587/advancedRocketry/AdvancedRocketry.java,842,legacy_registry,"LibVulpesBlocks.registerBlock(AdvancedRocketryBlocks.blockDrill.setRegistryName(""drill""));"
src/main/java/zmaster587/advancedRocketry/AdvancedRocketry.java,843,legacy_registry,"LibVulpesBlocks.registerBlock(AdvancedRocketryBlocks.blockLandingFloat.setRegistryName(""landingfloat""));"
src/main/java/zmaster587/advancedRocketry/AdvancedRocketry.java,845,legacy_registry,"LibVulpesBlocks.registerBlock(AdvancedRocketryBlocks.blockRocketBuilder.setRegistryName(""rocketBuilder""));"
src/main/java/zmaster587/advancedRocketry/AdvancedRocketry.java,846,legacy_registry,"LibVulpesBlocks.registerBlock(AdvancedRocketryBlocks.blockStationBuilder.setRegistryName(""stationBuilder""));"
src/main/java/zmaster587/advancedRocketry/AdvancedRocketry.java,847,legacy_registry,"LibVulpesBlocks.registerBlock(AdvancedRocketryBlocks.blockDeployableRocketBuilder.setRegistryName(""deployableRocketBuilder""));"
src/main/java/zmaster587/advancedRocketry/AdvancedRocketry.java,849,legacy_registry,"LibVulpesBlocks.registerBlock(AdvancedRocketryBlocks.blockLoader.setRegistryName(""loader""), ItemBlockMeta.class, false);"
src/main/java/zmaster587/advancedRocketry/AdvancedRocketry.java,850,legacy_registry,"LibVulpesBlocks.registerBlock(AdvancedRocketryBlocks.blockFuelingStation.setRegistryName(""fuelingStation""));"
src/main/java/zmaster587/advancedRocketry/AdvancedRocketry.java,851,legacy_registry,"LibVulpesBlocks.registerBlock(AdvancedRocketryBlocks.blockMonitoringStation.setRegistryName(""monitoringStation""));"
src/main/java/zmaster587/advancedRocketry/AdvancedRocketry.java,852,legacy_registry,"LibVulpesBlocks.registerBlock(AdvancedRocketryBlocks.blockSatelliteControlCenter.setRegistryName(""satelliteControlCenter""));"
src/main/java/zmaster587/advancedRocketry/AdvancedRocketry.java,854,legacy_registry,"LibVulpesBlocks.registerBlock(AdvancedRocketryBlocks.blockWarpShipMonitor.setRegistryName(""warpMonitor""));"
src/main/java/zmaster587/advancedRocketry/AdvancedRocketry.java,855,legacy_registry,"LibVulpesBlocks.registerBlock(AdvancedRocketryBlocks.blockOrientationController.setRegistryName(""orientationController""));"
src/main/java/zmaster587/advancedRocketry/AdvancedRocketry.java,856,legacy_registry,"LibVulpesBlocks.registerBlock(AdvancedRocketryBlocks.blockGravityController.setRegistryName(""gravityController""));"
src/main/java/zmaster587/advancedRocketry/AdvancedRocketry.java,857,legacy_registry,"LibVulpesBlocks.registerBlock(AdvancedRocketryBlocks.blockAltitudeController.setRegistryName(""altitudeController""));"
src/main/java/zmaster587/advancedRocketry/AdvancedRocketry.java,858,legacy_registry,"LibVulpesBlocks.registerBlock(AdvancedRocketryBlocks.blockPlanetSelector.setRegistryName(""planetSelector""));"
src/main/java/zmaster587/advancedRocketry/AdvancedRocketry.java,859,legacy_registry,"LibVulpesBlocks.registerBlock(AdvancedRocketryBlocks.blockPlanetHoloSelector.setRegistryName(""planetHoloSelector""));"
src/main/java/zmaster587/advancedRocketry/AdvancedRocketry.java,861,legacy_registry,"LibVulpesBlocks.registerBlock(AdvancedRocketryBlocks.blockCO2Scrubber.setRegistryName(""oxygenScrubber""));"
src/main/java/zmaster587/advancedRocketry/AdvancedRocketry.java,862,legacy_registry,"LibVulpesBlocks.registerBlock(AdvancedRocketryBlocks.blockOxygenVent.setRegistryName(""oxygenVent""));"
src/main/java/zmaster587/advancedRocketry/AdvancedRocketry.java,863,legacy_registry,"LibVulpesBlocks.registerBlock(AdvancedRocketryBlocks.blockOxygenCharger.setRegistryName(""oxygenCharger""));"
src/main/java/zmaster587/advancedRocketry/AdvancedRocketry.java,864,legacy_registry,"LibVulpesBlocks.registerBlock(AdvancedRocketryBlocks.blockOxygenDetection.setRegistryName(""oxygenDetection""));"
src/main/java/zmaster587/advancedRocketry/AdvancedRocketry.java,865,legacy_registry,"LibVulpesBlocks.registerBlock(AdvancedRocketryBlocks.blockPipeSealer.setRegistryName(""pipeSealer""));"
src/main/java/zmaster587/advancedRocketry/AdvancedRocketry.java,866,legacy_registry,"LibVulpesBlocks.registerBlock(AdvancedRocketryBlocks.blockAirLock.setRegistryName(""airlock_door""));"
src/main/java/zmaster587/advancedRocketry/AdvancedRocketry.java,868,legacy_registry,"LibVulpesBlocks.registerBlock(AdvancedRocketryBlocks.blockUnlitTorch.setRegistryName(""unlitTorch""));"
src/main/java/zmaster587/advancedRocketry/AdvancedRocketry.java,869,legacy_registry,"LibVulpesBlocks.registerBlock(AdvancedRocketryBlocks.blockThermiteTorch.setRegistryName(""thermiteTorch""));"
src/main/java/zmaster587/advancedRocketry/AdvancedRocketry.java,870,legacy_registry,"LibVulpesBlocks.registerBlock(AdvancedRocketryBlocks.blockCircleLight.setRegistryName(""circleLight""));"
src/main/java/zmaster587/advancedRocketry/AdvancedRocketry.java,871,legacy_registry,"LibVulpesBlocks.registerBlock(AdvancedRocketryBlocks.blockLightSource.setRegistryName(""lightSource""));"
src/main/java/zmaster587/advancedRocketry/AdvancedRocketry.java,872,legacy_registry,"LibVulpesBlocks.registerBlock(AdvancedRocketryBlocks.blockRocketFire.setRegistryName(""rocketfire""), null, false);"
src/main/java/zmaster587/advancedRocketry/AdvancedRocketry.java,874,legacy_registry,"LibVulpesBlocks.registerBlock(AdvancedRocketryBlocks.blockMoonTurf.setRegistryName(""moonTurf""));"
src/main/java/zmaster587/advancedRocketry/AdvancedRocketry.java,875,legacy_registry,"LibVulpesBlocks.registerBlock(AdvancedRocketryBlocks.blockMoonTurfDark.setRegistryName(""moonTurf_dark""));"
src/main/java/zmaster587/advancedRocketry/AdvancedRocketry.java,876,legacy_registry,"LibVulpesBlocks.registerBlock(AdvancedRocketryBlocks.blockHotTurf.setRegistryName(""hotTurf""));"
src/main/java/zmaster587/advancedRocketry/AdvancedRocketry.java,877,legacy_registry,"LibVulpesBlocks.registerBlock(AdvancedRocketryBlocks.blockBasalt.setRegistryName(""basalt""));"
src/main/java/zmaster587/advancedRocketry/AdvancedRocketry.java,878,legacy_registry,"LibVulpesBlocks.registerBlock(AdvancedRocketryBlocks.blocksGeode.setRegistryName(""geode""));"
src/main/java/zmaster587/advancedRocketry/AdvancedRocketry.java,879,legacy_registry,"LibVulpesBlocks.registerBlock(AdvancedRocketryBlocks.blockCrystal.setRegistryName(""crystal""), ItemBlockCrystal.class, true );"
src/main/java/zmaster587/advancedRocketry/AdvancedRocketry.java,880,legacy_registry,"LibVulpesBlocks.registerBlock(AdvancedRocketryBlocks.blockVitrifiedSand.setRegistryName(""vitrifiedSand""));"
src/main/java/zmaster587/advancedRocketry/AdvancedRocketry.java,881,legacy_registry,"LibVulpesBlocks.registerBlock(AdvancedRocketryBlocks.blockCharcoalLog.setRegistryName(""charcoalLog""));"
src/main/java/zmaster587/advancedRocketry/AdvancedRocketry.java,882,legacy_registry,"LibVulpesBlocks.registerBlock(AdvancedRocketryBlocks.blockElectricMushroom.setRegistryName(""electricMushroom""));"
src/main/java/zmaster587/advancedRocketry/AdvancedRocketry.java,883,legacy_registry,"LibVulpesBlocks.registerBlock(AdvancedRocketryBlocks.blockLightwoodWood.setRegistryName(""alienWood""));"
src/main/java/zmaster587/advancedRocketry/AdvancedRocketry.java,884,legacy_registry,"LibVulpesBlocks.registerBlock(AdvancedRocketryBlocks.sblockLightwoodLeaves.setRegistryName(""alienLeaves""));"
src/main/java/zmaster587/advancedRocketry/AdvancedRocketry.java,885,legacy_registry,"LibVulpesBlocks.registerBlock(AdvancedRocketryBlocks.blockLightwoodSapling.setRegistryName(""alienSapling""));"
src/main/java/zmaster587/advancedRocketry/AdvancedRocketry.java,886,legacy_registry,"LibVulpesBlocks.registerBlock(AdvancedRocketryBlocks.blockLightwoodPlanks.setRegistryName(""planks""));"
src/main/java/zmaster587/advancedRocketry/AdvancedRocketry.java,888,legacy_registry,"LibVulpesBlocks.registerBlock(AdvancedRocketryBlocks.blockOxygenFluid.setRegistryName(""oxygenFluid""), null, false);"
src/main/java/zmaster587/advancedRocketry/AdvancedRocketry.java,889,legacy_registry,"LibVulpesBlocks.registerBlock(AdvancedRocketryBlocks.blockHydrogenFluid.setRegistryName(""hydrogenFluid""), null, false);"
src/main/java/zmaster587/advancedRocketry/AdvancedRocketry.java,890,legacy_registry,"LibVulpesBlocks.registerBlock(AdvancedRocketryBlocks.blockNitrogenFluid.setRegistryName(""nitrogenFluid""), null, false);"
src/main/java/zmaster587/advancedRocketry/AdvancedRocketry.java,891,legacy_registry,"LibVulpesBlocks.registerBlock(AdvancedRocketryBlocks.blockFuelFluid.setRegistryName(""rocketFuel""), null, false);"
src/main/java/zmaster587/advancedRocketry/AdvancedRocketry.java,892,legacy_registry,"LibVulpesBlocks.registerBlock(AdvancedRocketryBlocks.blockEnrichedLavaFluid.setRegistryName(""enrichedLavaFluid""), null, false);"
src/main/java/zmaster587/advancedRocketry/AdvancedRocketry.java,921,legacy_registry,public void registerRecipes(RegistryEvent<IRecipe> evt)
src/main/java/zmaster587/advancedRocketry/AdvancedRocketry.java,923,legacy_registry,"GameRegistry.addSmelting(MaterialRegistry.getMaterialFromName(""Dilithium"").getProduct(AllowedProducts.getProductByName(""ORE"")), MaterialRegistry.getMaterialFromName(""Dilithium"").getProduct(AllowedProducts.getProductByName(""DUST"")), 0);"
src/main/java/zmaster587/advancedRocketry/util/AudioRegistry.java,34,legacy_registry,public static void registerSoundEvents(RegistryEvent.Register<SoundEvent> event) {
src/main/java/zmaster587/advancedRocketry/util/AudioRegistry.java,5,legacy_registry,import net.minecraftforge.event.RegistryEvent;
src/main/java/zmaster587/advancedRocketry/util/RecipeHandler.java,167,legacy_registry,"GameRegistry.addSmelting(ore.getProduct(AllowedProducts.getProductByName(""DUST"")),"
src/main/java/zmaster587/advancedRocketry/util/RecipeHandler.java,7,legacy_registry,import net.minecraftforge.fml.common.registry.GameRegistry;
src/main/java/zmaster587/advancedRocketry/util/RecipeHandler.java,71,legacy_registry,"GameRegistry.addSmelting(ore.getProduct(AllowedProducts.getProductByName(""ORE"")), ore.getProduct(AllowedProducts.getProductByName(""INGOT"")), 0);"
