input_root	relative_path	read_coverage	physical_bytes	physical_sha256	fixed_commit	git_blob_sha1
D:\GitHub\AdvancedRocketry-Community	AGENTS.md	complete working file; user-modified	15797	c2448e9357ec77d062ab52ecefbb24724fb5c767fb4955a4cd23ef0efbd8ff09	cbbc8de6a6574afa2872c2aaeea3916cf8aeebd3	2e6855e53887af0e6be1de77aae84810f2a13fd4
D:\GitHub\AdvancedRocketry-Community	PROJECT-CONFIG.md	complete working file	3543	44b2e383e1f57f28ff2f432b5702f854ac32bd0d9b51b53df30b88e6853cf22b	cbbc8de6a6574afa2872c2aaeea3916cf8aeebd3	cbace81b3667041b03bd85f4d85f70ff107c1743
D:\GitHub\AdvancedRocketry-Community	PRODUCT.md	complete working file	4325	0afbb33a772ddaa60e654e2a55e7832ad2e1528eb1a5273b257cef4bb734e090	cbbc8de6a6574afa2872c2aaeea3916cf8aeebd3	04d0da7edddc5fa86ca4d8bf78cf532497e5ff43
D:\GitHub\AdvancedRocketry-Community	docs/01-PORTING-PRINCIPLES.md	complete working file	4619	a1ff595bdcc85335ef6124c4ca4d640d318d5fd8ca69af8c57d842186e629984	cbbc8de6a6574afa2872c2aaeea3916cf8aeebd3	3d78235e29b9ebfc0cda1994ca0336a9b74b5c71
D:\GitHub\AdvancedRocketry-Community	docs/04-VERSION-ROADMAP.md	complete working file	5260	d3fd1539581db13cc807c613cf333f5c34aa75d6627dafd50bfb66d079ce2ab3	cbbc8de6a6574afa2872c2aaeea3916cf8aeebd3	7a24364233c0b88a68eddcb30dfa3814676b30a4
D:\GitHub\AdvancedRocketry-Community	docs/versions/V1.8.0-CLASSIC-CONTENT-COMPLETION.md	complete working file	8905	902b0e65585f47c4e4beec39f365c5046346799a2e77dee276ebaa58e433b051	cbbc8de6a6574afa2872c2aaeea3916cf8aeebd3	b5da14f00bf2776fd19d8e2ed44461c40b130849
D:\GitHub\AdvancedRocketry-Community	docs/05-MASTER-TEST-PLAN.md	complete working file	7695	c84e282637842bb55c374949d3787e9459b5273b28d67fd756c05002018dca47	cbbc8de6a6574afa2872c2aaeea3916cf8aeebd3	7c4f25ac1664e472ae68eb16785ad3323de50bfd
D:\GitHub\AdvancedRocketry-Community	docs/06-RELEASE-AND-ACCEPTANCE-GATES.md	complete working file	4069	872980fc3ed6e264e25a7873c58c6439330ed19d8a7cc96564f9ec99e94890a1	cbbc8de6a6574afa2872c2aaeea3916cf8aeebd3	7f618a823cf5c2072b9072c7e2ec3dfdf7b8d6c3
D:\GitHub\AdvancedRocketry-Community	docs/14-PARALLEL-DEVELOPMENT-AND-WORKTREE-COORDINATION.md	complete working file	10204	0c3a3ee3175b9cbdbd61bbf80d8f6ca44634dc3ee4337be8b0be581ebb10580f	cbbc8de6a6574afa2872c2aaeea3916cf8aeebd3	aab34aa5791bee06e4b16bf76b08648d52cb3025
D:\GitHub\AdvancedRocketry-Community	docs/16-POST-1.0-VERSION-ROADMAP.md	complete working file	7281	c436fef7e31b55cccbcea6a089e0c92c15fd597a87c72bcf1a6c956c838d7f37	cbbc8de6a6574afa2872c2aaeea3916cf8aeebd3	9ddaa21771ff6ad21e06c9a6de92a3e6095722d7
D:\GitHub\AdvancedRocketry-Community	docs/17-V1PLUS-QUALITY-BUDGETS.md	complete working file	7082	5dc4f2a4f43006cfddff6d65795fd02b4c2437116b79828b6a85e7ddd316c42e	cbbc8de6a6574afa2872c2aaeea3916cf8aeebd3	ff616fe36fd3e4e33f1741b47efef12321b4e57b
D:\GitHub\AdvancedRocketry-Community	docs/decisions/ADR-060-V180-DEVELOPMENT-BASELINE-EXCEPTION.md	complete committed text	6892	f88d0850c13bdc8267591516ebe93ec369d56bb00993d41d7a7dd37703d1fd8e	cbbc8de6a6574afa2872c2aaeea3916cf8aeebd3	07c49b1e0996c9ac9b4fa64cd9b8581174e90b8c
D:\GitHub\AdvancedRocketry-Community	docs/decisions/ADR-066-CLASSIC-LIFE-SUPPORT-EQUIPMENT-RESEARCH-AND-PRESENTATION.md	complete committed text; focused completion after display truncation	67237	8a5e06789b94595f26ae04cd9bf0ee63ff37710835224a0750055427486bf63a	cbbc8de6a6574afa2872c2aaeea3916cf8aeebd3	8caeef3e7856e4f8a06332a2223e5d2e9cdd55bc
D:\GitHub\AdvancedRocketry-Community	docs/decisions/ADR-069-V180-OFFLINE-JSON-MEMORY-WINDOWS.md	complete committed text and full diff	7364	3375ec25abfcec23fccc9d07a4827e476e7b9e4f257265d3523c91d7289c23bd	cbbc8de6a6574afa2872c2aaeea3916cf8aeebd3	a9aad090f5f4d0c71543426385d3895bdb54ec0a
D:\GitHub\AdvancedRocketry-Community	docs/work/v1.8.0-c18a-sleep/OWNER-DECISION-07.md	complete committed text in full diff	2297	6183a7bd28bc3f614744493f01b35341f81a085da858b24f23c2a201914b18e9	cbbc8de6a6574afa2872c2aaeea3916cf8aeebd3	946c1202646be54d8b4e9ce5ec0903b3a77bc15b
D:\GitHub\AdvancedRocketry-Community	docs/work/v1.8.0-c18a-sleep/OFFLINE-CORE-CONTRACT-FREEZE-52.md	complete committed text	7949	445be05d7e086b0d2d346f239f6ae71c896941f77fe7475eb51e9666974826ae	cbbc8de6a6574afa2872c2aaeea3916cf8aeebd3	423e0f1376b9ea2e8247d6b0ccd65edc28dfbb82
D:\GitHub\AdvancedRocketry-Community	docs/work/v1.8.0-c18a-sleep/FUNCTIONAL-REVIEW-CHECKPOINT-62.md	complete committed text	9427	1462a724d205e7087d722308a60f331b44964d40f03505a2be450ff314494752	cbbc8de6a6574afa2872c2aaeea3916cf8aeebd3	bbac69e6383a7f78049f5d061eeac3da9fe46bb5
D:\GitHub\AdvancedRocketry-Community	docs/status/CURRENT_VERSION.md	complete committed text and full diff	18120	4da94756542609cb1d8a67ec057ea5855dbc058b69be04a8d179d79287851c94	cbbc8de6a6574afa2872c2aaeea3916cf8aeebd3	08cf73a33e725bb22f2cf405478f6dd08d7d139a
D:\GitHub\AdvancedRocketry-Community	docs/status/COMPLETION-PLAN.md	committed lines 296-371; full diff; scoped grep hits	65146	4fdd0c6a3a5e0e87bb9fb0242ba4b5dc01f824bf1bbc46770a91989b5009431b	cbbc8de6a6574afa2872c2aaeea3916cf8aeebd3	966cc8c68c900159e7da99ace7812f7eb34f08d1
D:\GitHub\AdvancedRocketry-Community	docs/status/GATE_STATUS.md	complete committed text	1991	55b7140a6e59684b9de4fd1df4a122d3dc76c94d57075b3cc77332119f6fc539	cbbc8de6a6574afa2872c2aaeea3916cf8aeebd3	47a45c68f65d35cb02f24981b02aa3555202d74c
D:\GitHub\AdvancedRocketry-Community	docs/releases/v1.7.0/GATE-STATUS.md	complete committed text	3843	660f34d67b89c31f8a65b4db11571cae621538b972c42b0f816cd28032f1ad27	cbbc8de6a6574afa2872c2aaeea3916cf8aeebd3	33664b0a2f42839edc679a6eff815808a2e4978d
D:\GitHub\AdvancedRocketry-Community	docs/work/v1.8.0-implementation-log.md	committed lines 1-55; full diff; scoped grep hits	575254	e0255a5a4644e2d046bbace168035141565b0815487d9b8f846a23756d430127	cbbc8de6a6574afa2872c2aaeea3916cf8aeebd3	e886588968e8d9668a06753f27f575434dee27f5
D:\GitHub\ARCE-Task-Evidence\v1.8.0	SLEEP-MEMORY-WINDOW-ADR-INDEPENDENT-TASK-69.md	complete	2821	fcfd510ee60057e3d9b05b3ced49a213055d32abd7ab5d67693e88d25a9c9bee	NOT_APPLICABLE	NOT_APPLICABLE
D:\GitHub\ARCE-Task-Evidence\v1.8.0	sleep-json-resource-protocol-independent-20261009-64/input37-proposal.md	complete 271-line frozen proposal	19096	f3658d5c631a04dfc6e053883f6ab56843fc441e163d78561f86041a862ee6f0	NOT_APPLICABLE	NOT_APPLICABLE
D:\GitHub\ARCE-Task-Evidence\v1.8.0	sleep-json-resource-protocol-independent-20261009-64/input43-proposal.md	complete 244-line frozen convention	15960	69f6d6b85379b23d67566ead27db5d75e6ef039066e28614f7767ebf29298048	NOT_APPLICABLE	NOT_APPLICABLE
D:\GitHub\ARCE-Task-Evidence\v1.8.0	sleep-json-resource-protocol-independent-20261009-64/input61-proposal02.md	complete 341-line protocol revision02	25312	7c813d16f64d53f37fe1b1258bdb83cb7e72167e63999045b9763e563453e2ad	NOT_APPLICABLE	NOT_APPLICABLE
D:\GitHub\ARCE-Task-Evidence\v1.8.0	sleep-json-resource-protocol-independent-20261009-64/REPORT.md	complete stable report	25365	6a907063669645cef99e9e0619afbedec064adaa79832b7f6bcfb1f85de4e5a7	NOT_APPLICABLE	NOT_APPLICABLE
D:\GitHub\ARCE-Task-Evidence\v1.8.0	sleep-json-resource-protocol-independent-20261009-64/input50-child-static.md	complete static child	2505	e59fe04d89eb9de8b8980dd9d840145e87105495da1eef8fa830cf80c34f5c7e	NOT_APPLICABLE	NOT_APPLICABLE
D:\GitHub\ARCE-Task-Evidence\v1.8.0	sleep-json-resource-protocol-independent-20261009-64/input50-report.md	lines 1-110 and 151-255	20304	17bc576fa3d566ca85a91b8c3b8a9b13b3b98937b783d0a822a064830a835f38	NOT_APPLICABLE	NOT_APPLICABLE
D:\GitHub\ARCE-Task-Evidence\v1.8.0	sleep-json-resource-protocol-independent-20261009-64/input55-report.md	lines 1-105 and 221-292	29984	10202fdfa46a7f01519dd91083a445587b95f3a2b61effbf49bc391d17fe193b	NOT_APPLICABLE	NOT_APPLICABLE
