"unit_id","disposition","plan","target","decision","notes","evidence"
"block:advbipropellantRocketmotor","PLANNED","C17a","advanced bipropellant engine","ADR-062","propulsion tier with fuel and oxidizer",""
"block:advRocketmotor","PLANNED","C17a","advanced monopropellant engine","ADR-062","propulsion tier",""
"block:altitudeController","PLANNED","C17b","station altitude control","ADR-062","station orbit setting through the checked station commit",""
"block:beacon","PLANNED","C17c","planetary beacon","ADR-062","bounded navigation marker per body",""
"block:bipropellantfueltank","PLANNED","C17a","bipropellant fuel tank","ADR-062","propulsion tier",""
"block:bipropellantrocketmotor","PLANNED","C17a","bipropellant engine","ADR-062","propulsion tier",""
"block:circleLight","PLANNED","C17b","station light","ADR-062","decorative light block",""
"block:concrete","PLANNED","C17b","vanilla concrete in the pad recipes","ADR-062","vanilla concrete replaces the legacy block",""
"block:forceField","PLANNED","C17b","force field block","ADR-062","placed only by the projector",""
"block:forceFieldProjector","PLANNED","C17b","force field projector","ADR-062","bounded line of field blocks through the protection chain",""
"block:gravityController","PLANNED","C17b","station gravity controller","ADR-058 ADR-062","block front-end for the v1.5 station gravity commit",""
"block:landingPad","PLANNED","C17b","station landing pad","ADR-062","owned landing targets on stations",""
"block:monitoringStation","PLANNED","C17a","rocket monitoring station","ADR-062","rocket status and redstone launch through the server flight path",""
"block:nuclearcore","PLANNED","C17a","nuclear thermal core","ADR-062","propulsion tier",""
"block:nuclearfueltank","PLANNED","C17a","nuclear working fluid tank","ADR-062","propulsion tier",""
"block:nuclearrocketmotor","PLANNED","C17a","nuclear thermal engine","ADR-062","propulsion tier",""
"block:orientationController","PLANNED","C17b","station orientation control","ADR-062","station rotation (sky) through the checked station commit",""
"block:oxidizerfueltank","PLANNED","C17a","oxidizer tank","ADR-062","propulsion tier",""
"block:solararray","PLANNED","C17c","solar array","ADR-062","multiblock generator",""
"block:solararraypanel","PLANNED","C17c","solar array panel","ADR-062","solar array structure",""
"block:solarGenerator","PLANNED","C17c","solar generator","ADR-062","single-block generator",""
"block:solarPanel","PLANNED","C17c","solar panel block","ADR-062","generator structure part",""
"block:warpMonitor","PLANNED","C17b","warp controller screen","ADR-046 ADR-062","screen over the ADR-046 commands with a versioned bounded payload",""
"block_variant:loader/1","PLANNED","C17c","rocket satellite bay","ADR-049 ADR-062","deploy a satellite package on reaching orbit, exactly once",""
"block_variant:loader/2","PLANNED","C17a","rocket item unloader","ADR-062","docked rocket inventories",""
"block_variant:loader/3","PLANNED","C17a","rocket item loader","ADR-062","docked rocket inventories",""
"block_variant:loader/4","PLANNED","C17a","rocket fluid unloader","ADR-062","docked rocket tanks",""
"block_variant:loader/5","PLANNED","C17a","rocket fluid loader","ADR-062","docked rocket tanks",""
"config:ENERGY.solarGeneratorMultiplier","PLANNED","C17c","solar generator multiplier","ADR-062","",""
"config:ROCKET.canBeFueledByHand","PLANNED","C17a","hand fueling rule","ADR-062","",""
"config:ROCKET.fuelCapacityMultiplier","PLANNED","C17a","propulsion tables and multipliers","ADR-027 ADR-062","",""
"config:ROCKET.gravityAffectsFuels","PLANNED","C17a","propulsion tables and multipliers","ADR-027 ADR-062","",""
"config:ROCKET.nuclearCoreThrustRatio","PLANNED","C17a","propulsion tables and multipliers","ADR-027 ADR-062","",""
"config:ROCKET.rocketBipropellants","PLANNED","C17a","propulsion tables and multipliers","ADR-027 ADR-062","",""
"config:ROCKET.rocketFuels","PLANNED","C17a","propulsion tables and multipliers","ADR-027 ADR-062","",""
"config:ROCKET.rocketNuclearWorkingFluids","PLANNED","C17a","propulsion tables and multipliers","ADR-027 ADR-062","",""
"config:ROCKET.rocketOxidizers","PLANNED","C17a","propulsion tables and multipliers","ADR-027 ADR-062","",""
"config:ROCKET.rocketsRequireFuel","PLANNED","C17a","fuel requirement switch","ADR-062","",""
"config:ROCKET.thrustMultiplier","PLANNED","C17a","propulsion tables and multipliers","ADR-027 ADR-062","",""
"item:beaconFinder","PLANNED","C17c","beacon finder","ADR-062","points to owned beacons",""
"libvulpes:java/itemLinker","PLANNED","C17a","linker tool","ADR-062","binds loaders, monitoring stations and pads server-side",""
